,Area,Street,Postal Code
0,Asokoro,Ajayi Crowder St․,900231
1,Asokoro,Akenzua St․,900231
2,Asokoro,Ali Akihi Cr․,900231
3,Asokoro,Anwar Sadat St․,900231
4,Asokoro,Dennis Osadebe St․,900231
5,Asokoro,El-Emi St․,900231
6,Asokoro,Gandhi St․,900231
7,Asokoro,Ibrahim Taiwo St․,900231
8,Asokoro,Jesse Jackson St․,900231
9,Asokoro,Jimmy Cater St․,900231
10,Asokoro,King Faisal St․,900231
11,Asokoro,Kofo Abayomi St․,900231
12,Asokoro,Lo Luga St․,900231
13,Asokoro,Maitama Sule St․,900231
14,Asokoro,Malcolm Farser St.,900231
15,Asokoro,Margret Thatcher St,900231
16,Asokoro,Martin Luther Cr․,900231
17,Asokoro,Modibo Adana Cr․,900231
18,Asokoro,Oliver Tambo St․,900231
19,Asokoro,Queen Amina St․,900231
20,Asokoro,Queen Elizabeth St․,900231
21,Asokoro,Queen Ida St․,900231
22,Asokoro,RAB Dikko Road Rd․,900231
23,Asokoro,Rwang Pam St.,900231
24,Asokoro,Shehu Shagari Way,900231
25,Asokoro,Suleiman Barau Cr․,900231
26,Asokoro,Tito Bros St․,900231
27,Asokoro,Ukpabi Asika St․,900231
28,Asokoro,Usman Danfodio Cr․,900231
29,Asokoro,Winston Churchill St․,900231
30,Asokoro,Yakubu Gowon Cr,900231
31,Asokoro,Abdou Diouf Cr․,900231
32,Asokoro,Akan Ibiam St․,900231
33,Asokoro,Amaddu Ahidjo St․,900231
34,Asokoro,Biogny St․,900231
35,Asokoro,Desmond Tutu St․,900231
36,Asokoro,Eyedema St․,900231
37,Asokoro,Halle Sallasie St․,900231
38,Asokoro,Inner Southern Express Way,900231
39,Asokoro,Jomo Kenyatta St.,900231
40,Asokoro,Joshua Nkonwo St․,900231
41,Asokoro,Julius Nyerere Cr․,900231
42,Asokoro,Kenneth Kaunda St․,900231
43,Asokoro,Kwame Nkurma Cr․,900231
44,Asokoro,Loius Edet St․,900231
45,Asokoro,Mathew Kerekou St․,900231
46,Asokoro,Murtala Mohammed Way,900231
47,Asokoro,Musa Traore Cr․,900231
48,Asokoro,Nelson Mandala St․,900231
49,Asokoro,Patrice Lumimuba St․,900231
50,Asokoro,Robert Mugabe St․,900231
51,Asokoro,Sebghor St․,900231
52,Asokoro,Siaka Stevens St․,900231
53,Asokoro,Thomas Sankara St.,900231
54,Asokoro,2nd Ave․,900211
55,Asokoro,Ajayi Crowder St․,900231
56,Asokoro,Akenzua St․,900231
57,Asokoro,Ali Akihi Cr․,900231
58,Asokoro,Anwar Sadat St․,900231
59,Asokoro,Dennis Osadebe St․,900231
60,Asokoro,El-Emi St․,900231
61,Asokoro,Gandhi St․,900231
62,Asokoro,Ibrahim Taiwo St․,900231
63,Asokoro,Jesse Jackson St․,900231
64,Asokoro,Jimmy Cater St․,900231
65,Asokoro,King Faisal St․,900231
66,Asokoro,Kofo Abayomi St․,900231
67,Asokoro,Lo Luga St․,900231
68,Asokoro,Maitama Sule St․,900231
69,Asokoro,Malcolm Farser St.,900231
70,Asokoro,Margret Thatcher St,900231
71,Asokoro,Martin Luther Cr․,900231
72,Asokoro,Modibo Adana Cr․,900231
73,Asokoro,Oliver Tambo St․,900231
74,Asokoro,Queen Amina St․,900231
75,Asokoro,Queen Elizabeth St․,900231
76,Asokoro,Queen Ida St․,900231
77,Asokoro,RAB Dikko Road Rd․,900231
78,Asokoro,Rwang Pam St.,900231
79,Asokoro,Shehu Shagari Way,900231
80,Asokoro,Suleiman Barau Cr․,900231
81,Asokoro,Tito Bros St․,900231
82,Asokoro,Ukpabi Asika St․,900231
83,Asokoro,Usman Danfodio Cr․,900231
84,Asokoro,Winston Churchill St․,900231
85,Asokoro,Yakubu Gowon Cr,900231
86,Asokoro,Abdou Diouf Cr․,900231
87,Asokoro,Akan Ibiam St․,900231
88,Asokoro,Amaddu Ahidjo St․,900231
89,Asokoro,Biogny St․,900231
90,Asokoro,Desmond Tutu St․,900231
91,Asokoro,Eyedema St․,900231
92,Asokoro,Halle Sallasie St․,900231
93,Asokoro,Inner Southern Express Way,900231
94,Asokoro,Jomo Kenyatta St.,900231
95,Asokoro,Joshua Nkonwo St․,900231
96,Asokoro,Julius Nyerere Cr․,900231
97,Asokoro,Kenneth Kaunda St․,900231
98,Asokoro,Kwame Nkurma Cr․,900231
99,Asokoro,Loius Edet St․,900231
100,Asokoro,Mathew Kerekou St․,900231
101,Asokoro,Murtala Mohammed Way,900231
102,Asokoro,Musa Traore Cr․,900231
103,Asokoro,Nelson Mandala St․,900231
104,Asokoro,Patrice Lumimuba St․,900231
105,Asokoro,Robert Mugabe St․,900231
106,Asokoro,Sebghor St․,900231
107,Asokoro,Siaka Stevens St․,900231
108,Asokoro,Thomas Sankara St.,900231
109,Asokoro,2nd Ave․,900211
110,Asokoro,Ajayi Crowder St․,900231
111,Asokoro,Akenzua St․,900231
112,Asokoro,Ali Akihi Cr․,900231
113,Asokoro,Anwar Sadat St․,900231
114,Asokoro,Dennis Osadebe St․,900231
115,Asokoro,El-Emi St․,900231
116,Asokoro,Gandhi St․,900231
117,Asokoro,Ibrahim Taiwo St․,900231
118,Asokoro,Jesse Jackson St․,900231
119,Asokoro,Jimmy Cater St․,900231
120,Asokoro,King Faisal St․,900231
121,Asokoro,Kofo Abayomi St․,900231
122,Asokoro,Lo Luga St․,900231
123,Asokoro,Maitama Sule St․,900231
124,Asokoro,Malcolm Farser St.,900231
125,Asokoro,Margret Thatcher St,900231
126,Asokoro,Martin Luther Cr․,900231
127,Asokoro,Modibo Adana Cr․,900231
128,Asokoro,Oliver Tambo St․,900231
129,Asokoro,Queen Amina St․,900231
130,Asokoro,Queen Elizabeth St․,900231
131,Asokoro,Queen Ida St․,900231
132,Asokoro,RAB Dikko Road Rd․,900231
133,Asokoro,Rwang Pam St.,900231
134,Asokoro,Shehu Shagari Way,900231
135,Asokoro,Suleiman Barau Cr․,900231
136,Asokoro,Tito Bros St․,900231
137,Asokoro,Ukpabi Asika St․,900231
138,Asokoro,Usman Danfodio Cr․,900231
139,Asokoro,Winston Churchill St․,900231
140,Asokoro,Yakubu Gowon Cr,900231
141,Asokoro,Abdou Diouf Cr․,900231
142,Asokoro,Akan Ibiam St․,900231
143,Asokoro,Amaddu Ahidjo St․,900231
144,Asokoro,Biogny St․,900231
145,Asokoro,Desmond Tutu St․,900231
146,Asokoro,Eyedema St․,900231
147,Asokoro,Halle Sallasie St․,900231
148,Asokoro,Inner Southern Express Way,900231
149,Asokoro,Jomo Kenyatta St.,900231
150,Asokoro,Joshua Nkonwo St․,900231
151,Asokoro,Julius Nyerere Cr․,900231
152,Asokoro,Kenneth Kaunda St․,900231
153,Asokoro,Kwame Nkurma Cr․,900231
154,Asokoro,Loius Edet St․,900231
155,Asokoro,Mathew Kerekou St․,900231
156,Asokoro,Murtala Mohammed Way,900231
157,Asokoro,Musa Traore Cr․,900231
158,Asokoro,Nelson Mandala St․,900231
159,Asokoro,Patrice Lumimuba St․,900231
160,Asokoro,Robert Mugabe St․,900231
161,Asokoro,Sebghor St․,900231
162,Asokoro,Siaka Stevens St․,900231
163,Asokoro,Thomas Sankara St.,900231
164,Asokoro,2nd Ave․,900211
165,Asokoro,Ajayi Crowder St․,900231
166,Asokoro,Akenzua St․,900231
167,Asokoro,Ali Akihi Cr․,900231
168,Asokoro,Anwar Sadat St․,900231
169,Asokoro,Dennis Osadebe St․,900231
170,Asokoro,El-Emi St․,900231
171,Asokoro,Gandhi St․,900231
172,Asokoro,Ibrahim Taiwo St․,900231
173,Asokoro,Jesse Jackson St․,900231
174,Asokoro,Jimmy Cater St․,900231
175,Asokoro,King Faisal St․,900231
176,Asokoro,Kofo Abayomi St․,900231
177,Asokoro,Lo Luga St․,900231
178,Asokoro,Maitama Sule St․,900231
179,Asokoro,Malcolm Farser St.,900231
180,Asokoro,Margret Thatcher St,900231
181,Asokoro,Martin Luther Cr․,900231
182,Asokoro,Modibo Adana Cr․,900231
183,Asokoro,Oliver Tambo St․,900231
184,Asokoro,Queen Amina St․,900231
185,Asokoro,Queen Elizabeth St․,900231
186,Asokoro,Queen Ida St․,900231
187,Asokoro,RAB Dikko Road Rd․,900231
188,Asokoro,Rwang Pam St.,900231
189,Asokoro,Shehu Shagari Way,900231
190,Asokoro,Suleiman Barau Cr․,900231
191,Asokoro,Tito Bros St․,900231
192,Asokoro,Ukpabi Asika St․,900231
193,Asokoro,Usman Danfodio Cr․,900231
194,Asokoro,Winston Churchill St․,900231
195,Asokoro,Yakubu Gowon Cr,900231
196,Asokoro,Abdou Diouf Cr․,900231
197,Asokoro,Akan Ibiam St․,900231
198,Asokoro,Amaddu Ahidjo St․,900231
199,Asokoro,Biogny St․,900231
200,Asokoro,Desmond Tutu St․,900231
201,Asokoro,Eyedema St․,900231
202,Asokoro,Halle Sallasie St․,900231
203,Asokoro,Inner Southern Express Way,900231
204,Asokoro,Jomo Kenyatta St.,900231
205,Asokoro,Joshua Nkonwo St․,900231
206,Asokoro,Julius Nyerere Cr․,900231
207,Asokoro,Kenneth Kaunda St․,900231
208,Asokoro,Kwame Nkurma Cr․,900231
209,Asokoro,Loius Edet St․,900231
210,Asokoro,Mathew Kerekou St․,900231
211,Asokoro,Murtala Mohammed Way,900231
212,Asokoro,Musa Traore Cr․,900231
213,Asokoro,Nelson Mandala St․,900231
214,Asokoro,Patrice Lumimuba St․,900231
215,Asokoro,Robert Mugabe St․,900231
216,Asokoro,Sebghor St․,900231
217,Asokoro,Siaka Stevens St․,900231
218,Asokoro,Thomas Sankara St.,900231
219,Asokoro,2nd Ave․,900211
220,Central Business District,2nd Ave․,900211
221,Central Business District,3 Ave․,900211
222,Central Business District,4th Ave․,900211
223,Central Business District,Abuja Dr․,900211
224,Central Business District,Ahmadu Bello Way,900211
225,Central Business District,Constitution Rd․,900211
226,Central Business District,Hospital Ave․,900211
227,Central Business District,Independence Ave.,900211
228,Central Business District,Inner Express (N) Way,900211
229,Central Business District,Mohammed Buhari Way,900211
230,Central Business District,North Transit Way,900211
231,Central Business District,Northern Express Way,900211
232,Central Business District,Olusegun Obasanjo Way,900211
233,Central Business District,Shehu Shagari Way,900211
234,Central Business District,South Transit Way,900211
235,Central Business District,Tafawa Balewa Way.,900211
236,Central Business District,Aladja St․,900241
237,Central Business District,2nd Ave․,900211
238,Central Business District,3 Ave․,900211
239,Central Business District,4th Ave․,900211
240,Central Business District,Abuja Dr․,900211
241,Central Business District,Ahmadu Bello Way,900211
242,Central Business District,Constitution Rd․,900211
243,Central Business District,Hospital Ave․,900211
244,Central Business District,Independence Ave.,900211
245,Central Business District,Inner Express (N) Way,900211
246,Central Business District,Mohammed Buhari Way,900211
247,Central Business District,North Transit Way,900211
248,Central Business District,Northern Express Way,900211
249,Central Business District,Olusegun Obasanjo Way,900211
250,Central Business District,Shehu Shagari Way,900211
251,Central Business District,South Transit Way,900211
252,Central Business District,Tafawa Balewa Way.,900211
253,Central Business District,Aladja St․,900241
254,Central Business District,2nd Ave․,900211
255,Central Business District,3 Ave․,900211
256,Central Business District,4th Ave․,900211
257,Central Business District,Abuja Dr․,900211
258,Central Business District,Ahmadu Bello Way,900211
259,Central Business District,Constitution Rd․,900211
260,Central Business District,Hospital Ave․,900211
261,Central Business District,Independence Ave.,900211
262,Central Business District,Inner Express (N) Way,900211
263,Central Business District,Mohammed Buhari Way,900211
264,Central Business District,North Transit Way,900211
265,Central Business District,Northern Express Way,900211
266,Central Business District,Olusegun Obasanjo Way,900211
267,Central Business District,Shehu Shagari Way,900211
268,Central Business District,South Transit Way,900211
269,Central Business District,Tafawa Balewa Way.,900211
270,Central Business District,Aladja St․,900241
271,Central Business District,2nd Ave․,900211
272,Central Business District,3 Ave․,900211
273,Central Business District,4th Ave․,900211
274,Central Business District,Abuja Dr․,900211
275,Central Business District,Ahmadu Bello Way,900211
276,Central Business District,Constitution Rd․,900211
277,Central Business District,Hospital Ave․,900211
278,Central Business District,Independence Ave.,900211
279,Central Business District,Inner Express (N) Way,900211
280,Central Business District,Mohammed Buhari Way,900211
281,Central Business District,North Transit Way,900211
282,Central Business District,Northern Express Way,900211
283,Central Business District,Olusegun Obasanjo Way,900211
284,Central Business District,Shehu Shagari Way,900211
285,Central Business District,South Transit Way,900211
286,Central Business District,Tafawa Balewa Way.,900211
287,Central Business District,Aladja St․,900241
288,Garki Area 1,Aladja St․,900241
289,Garki Area 1,Auchi St․,900241
290,Garki Area 1,Benue Cr․,900241
291,Garki Area 1,Faskari St․,900241
292,Garki Area 1,Ijero St․,900241
293,Garki Area 1,Imo Cr․,900241
294,Garki Area 1,Kano St․,900241
295,Garki Area 1,Kaura Namoda St․,900241
296,Garki Area 1,Lapai St․,900241
297,Garki Area 1,Mashood-Abiola Way,900241
298,Garki Area 1,Nassarawa St․,900241
299,Garki Area 1,Nnamdi Azikwe Way,900241
300,Garki Area 1,Ondo St․,900241
301,Garki Area 1,Oyo St․,900241
302,Garki Area 1,Sokoto St․,900241
303,Garki Area 1,Suleja St.,900241
304,Garki Area 1,Abakaliki St․,900242
305,Garki Area 1,Aladja St․,900241
306,Garki Area 1,Auchi St․,900241
307,Garki Area 1,Benue Cr․,900241
308,Garki Area 1,Faskari St․,900241
309,Garki Area 1,Ijero St․,900241
310,Garki Area 1,Imo Cr․,900241
311,Garki Area 1,Kano St․,900241
312,Garki Area 1,Kaura Namoda St․,900241
313,Garki Area 1,Lapai St․,900241
314,Garki Area 1,Mashood-Abiola Way,900241
315,Garki Area 1,Nassarawa St․,900241
316,Garki Area 1,Nnamdi Azikwe Way,900241
317,Garki Area 1,Ondo St․,900241
318,Garki Area 1,Oyo St․,900241
319,Garki Area 1,Sokoto St․,900241
320,Garki Area 1,Suleja St.,900241
321,Garki Area 1,Abakaliki St․,900242
322,Garki Area 1,Aladja St․,900241
323,Garki Area 1,Auchi St․,900241
324,Garki Area 1,Benue Cr․,900241
325,Garki Area 1,Faskari St․,900241
326,Garki Area 1,Ijero St․,900241
327,Garki Area 1,Imo Cr․,900241
328,Garki Area 1,Kano St․,900241
329,Garki Area 1,Kaura Namoda St․,900241
330,Garki Area 1,Lapai St․,900241
331,Garki Area 1,Mashood-Abiola Way,900241
332,Garki Area 1,Nassarawa St․,900241
333,Garki Area 1,Nnamdi Azikwe Way,900241
334,Garki Area 1,Ondo St․,900241
335,Garki Area 1,Oyo St․,900241
336,Garki Area 1,Sokoto St․,900241
337,Garki Area 1,Suleja St.,900241
338,Garki Area 1,Abakaliki St․,900242
339,Garki Area 1,Aladja St․,900241
340,Garki Area 1,Auchi St․,900241
341,Garki Area 1,Benue Cr․,900241
342,Garki Area 1,Faskari St․,900241
343,Garki Area 1,Ijero St․,900241
344,Garki Area 1,Imo Cr․,900241
345,Garki Area 1,Kano St․,900241
346,Garki Area 1,Kaura Namoda St․,900241
347,Garki Area 1,Lapai St․,900241
348,Garki Area 1,Mashood-Abiola Way,900241
349,Garki Area 1,Nassarawa St․,900241
350,Garki Area 1,Nnamdi Azikwe Way,900241
351,Garki Area 1,Ondo St․,900241
352,Garki Area 1,Oyo St․,900241
353,Garki Area 1,Sokoto St․,900241
354,Garki Area 1,Suleja St.,900241
355,Garki Area 1,Abakaliki St․,900242
356,Garki Area 2,Abakaliki St․,900242
357,Garki Area 2,Abuja Parks Way.,900242
358,Garki Area 2,Benin St․,900243
359,Garki Area 2,Abakaliki St․,900242
360,Garki Area 2,Abuja Parks Way.,900242
361,Garki Area 2,Benin St․,900243
362,Garki Area 2,Abakaliki St․,900242
363,Garki Area 2,Abuja Parks Way.,900242
364,Garki Area 2,Benin St․,900243
365,Garki Area 2,Abakaliki St․,900242
366,Garki Area 2,Abuja Parks Way.,900242
367,Garki Area 2,Benin St․,900243
368,Garki Area 3,Benin St․,900243
369,Garki Area 3,Birnin Kebbi St․,900243
370,Garki Area 3,Cross River St․,900243
371,Garki Area 3,Funmilayo Ransomekuti Road Rd․,900243
372,Garki Area 3,Gongola St․,900243
373,Garki Area 3,Ibadan St․,900243
374,Garki Area 3,Ikare St․,900243
375,Garki Area 3,Jalingo St․,900243
376,Garki Area 3,Jos St․,900243
377,Garki Area 3,Katagun St.,900243
378,Garki Area 3,Kaura-Namoda St․,900243
379,Garki Area 3,Kazaure St․,900243
380,Garki Area 3,Moshood Abiola Way,900243
381,Garki Area 3,Mubi St․,900243
382,Garki Area 3,Nnewi St․,900243
383,Garki Area 3,Okigwe St․,900243
384,Garki Area 3,Orlu St․,900243
385,Garki Area 3,Oyo St․,900243
386,Garki Area 3,Tafawa Balewa Way,900243
387,Garki Area 3,Yenagoa St.,900243
388,Garki Area 3,Calabar St․,900244
389,Garki Area 3,Benin St․,900243
390,Garki Area 3,Birnin Kebbi St․,900243
391,Garki Area 3,Cross River St․,900243
392,Garki Area 3,Funmilayo Ransomekuti Road Rd․,900243
393,Garki Area 3,Gongola St․,900243
394,Garki Area 3,Ibadan St․,900243
395,Garki Area 3,Ikare St․,900243
396,Garki Area 3,Jalingo St․,900243
397,Garki Area 3,Jos St․,900243
398,Garki Area 3,Katagun St.,900243
399,Garki Area 3,Kaura-Namoda St․,900243
400,Garki Area 3,Kazaure St․,900243
401,Garki Area 3,Moshood Abiola Way,900243
402,Garki Area 3,Mubi St․,900243
403,Garki Area 3,Nnewi St․,900243
404,Garki Area 3,Okigwe St․,900243
405,Garki Area 3,Orlu St․,900243
406,Garki Area 3,Oyo St․,900243
407,Garki Area 3,Tafawa Balewa Way,900243
408,Garki Area 3,Yenagoa St.,900243
409,Garki Area 3,Calabar St․,900244
410,Garki Area 3,Benin St․,900243
411,Garki Area 3,Birnin Kebbi St․,900243
412,Garki Area 3,Cross River St․,900243
413,Garki Area 3,Funmilayo Ransomekuti Road Rd․,900243
414,Garki Area 3,Gongola St․,900243
415,Garki Area 3,Ibadan St․,900243
416,Garki Area 3,Ikare St․,900243
417,Garki Area 3,Jalingo St․,900243
418,Garki Area 3,Jos St․,900243
419,Garki Area 3,Katagun St.,900243
420,Garki Area 3,Kaura-Namoda St․,900243
421,Garki Area 3,Kazaure St․,900243
422,Garki Area 3,Moshood Abiola Way,900243
423,Garki Area 3,Mubi St․,900243
424,Garki Area 3,Nnewi St․,900243
425,Garki Area 3,Okigwe St․,900243
426,Garki Area 3,Orlu St․,900243
427,Garki Area 3,Oyo St․,900243
428,Garki Area 3,Tafawa Balewa Way,900243
429,Garki Area 3,Yenagoa St.,900243
430,Garki Area 3,Calabar St․,900244
431,Garki Area 3,Benin St․,900243
432,Garki Area 3,Birnin Kebbi St․,900243
433,Garki Area 3,Cross River St․,900243
434,Garki Area 3,Funmilayo Ransomekuti Road Rd․,900243
435,Garki Area 3,Gongola St․,900243
436,Garki Area 3,Ibadan St․,900243
437,Garki Area 3,Ikare St․,900243
438,Garki Area 3,Jalingo St․,900243
439,Garki Area 3,Jos St․,900243
440,Garki Area 3,Katagun St.,900243
441,Garki Area 3,Kaura-Namoda St․,900243
442,Garki Area 3,Kazaure St․,900243
443,Garki Area 3,Moshood Abiola Way,900243
444,Garki Area 3,Mubi St․,900243
445,Garki Area 3,Nnewi St․,900243
446,Garki Area 3,Okigwe St․,900243
447,Garki Area 3,Orlu St․,900243
448,Garki Area 3,Oyo St․,900243
449,Garki Area 3,Tafawa Balewa Way,900243
450,Garki Area 3,Yenagoa St.,900243
451,Garki Area 3,Calabar St․,900244
452,Garki Area 7,Calabar St․,900244
453,Garki Area 7,Herbat-Macualay (S) Way,900244
454,Garki Area 7,Kam-Salem St․,900244
455,Garki Area 7,Muhammadu-Bahari Way,900244
456,Garki Area 7,Obafemi Awolowo Way,900244
457,Garki Area 7,Tafawa Balewa Way,900244
458,Garki Area 7,Yola St.,900244
459,Garki Area 7,Abeokuta St․,900245
460,Garki Area 7,Calabar St․,900244
461,Garki Area 7,Herbat-Macualay (S) Way,900244
462,Garki Area 7,Kam-Salem St․,900244
463,Garki Area 7,Muhammadu-Bahari Way,900244
464,Garki Area 7,Obafemi Awolowo Way,900244
465,Garki Area 7,Tafawa Balewa Way,900244
466,Garki Area 7,Yola St.,900244
467,Garki Area 7,Abeokuta St․,900245
468,Garki Area 7,Calabar St․,900244
469,Garki Area 7,Herbat-Macualay (S) Way,900244
470,Garki Area 7,Kam-Salem St․,900244
471,Garki Area 7,Muhammadu-Bahari Way,900244
472,Garki Area 7,Obafemi Awolowo Way,900244
473,Garki Area 7,Tafawa Balewa Way,900244
474,Garki Area 7,Yola St.,900244
475,Garki Area 7,Abeokuta St․,900245
476,Garki Area 7,Calabar St․,900244
477,Garki Area 7,Herbat-Macualay (S) Way,900244
478,Garki Area 7,Kam-Salem St․,900244
479,Garki Area 7,Muhammadu-Bahari Way,900244
480,Garki Area 7,Obafemi Awolowo Way,900244
481,Garki Area 7,Tafawa Balewa Way,900244
482,Garki Area 7,Yola St.,900244
483,Garki Area 7,Abeokuta St․,900245
484,Garki Area 8,Abeokuta St․,900245
485,Garki Area 8,Ile-Ife St․,900245
486,Garki Area 8,Ilorin St․,900245
487,Garki Area 8,Minna St․,900245
488,Garki Area 8,Muhammadu Buhari Way,900245
489,Garki Area 8,Ogbomosho St․,900245
490,Garki Area 8,Tafawa Balewa Way.,900245
491,Garki Area 8,Access Road Rd․,900246
492,Garki Area 8,Abeokuta St․,900245
493,Garki Area 8,Ile-Ife St․,900245
494,Garki Area 8,Ilorin St․,900245
495,Garki Area 8,Minna St․,900245
496,Garki Area 8,Muhammadu Buhari Way,900245
497,Garki Area 8,Ogbomosho St․,900245
498,Garki Area 8,Tafawa Balewa Way.,900245
499,Garki Area 8,Access Road Rd․,900246
500,Garki Area 8,Abeokuta St․,900245
501,Garki Area 8,Ile-Ife St․,900245
502,Garki Area 8,Ilorin St․,900245
503,Garki Area 8,Minna St․,900245
504,Garki Area 8,Muhammadu Buhari Way,900245
505,Garki Area 8,Ogbomosho St․,900245
506,Garki Area 8,Tafawa Balewa Way.,900245
507,Garki Area 8,Access Road Rd․,900246
508,Garki Area 8,Abeokuta St․,900245
509,Garki Area 8,Ile-Ife St․,900245
510,Garki Area 8,Ilorin St․,900245
511,Garki Area 8,Minna St․,900245
512,Garki Area 8,Muhammadu Buhari Way,900245
513,Garki Area 8,Ogbomosho St․,900245
514,Garki Area 8,Tafawa Balewa Way.,900245
515,Garki Area 8,Access Road Rd․,900246
516,Garki Area 10,Access Road Rd․,900246
517,Garki Area 10,Akure St․,900246
518,Garki Area 10,Borno St․,900246
519,Garki Area 10,Herbert Macaulay Way,900246
520,Garki Area 10,Idah St․,900246
521,Garki Area 10,Markui St․,900246
522,Garki Area 10,Mashood Abiola Way,900246
523,Garki Area 10,Muhammadu Buhari Way,900246
524,Garki Area 10,Olusegun Obasanjo Way.,900246
525,Garki Area 10,Ahmadu Bello St․,900247
526,Garki Area 10,Access Road Rd․,900246
527,Garki Area 10,Akure St․,900246
528,Garki Area 10,Borno St․,900246
529,Garki Area 10,Herbert Macaulay Way,900246
530,Garki Area 10,Idah St․,900246
531,Garki Area 10,Markui St․,900246
532,Garki Area 10,Mashood Abiola Way,900246
533,Garki Area 10,Muhammadu Buhari Way,900246
534,Garki Area 10,Olusegun Obasanjo Way.,900246
535,Garki Area 10,Ahmadu Bello St․,900247
536,Garki Area 10,Access Road Rd․,900246
537,Garki Area 10,Akure St․,900246
538,Garki Area 10,Borno St․,900246
539,Garki Area 10,Herbert Macaulay Way,900246
540,Garki Area 10,Idah St․,900246
541,Garki Area 10,Markui St․,900246
542,Garki Area 10,Mashood Abiola Way,900246
543,Garki Area 10,Muhammadu Buhari Way,900246
544,Garki Area 10,Olusegun Obasanjo Way.,900246
545,Garki Area 10,Ahmadu Bello St․,900247
546,Garki Area 10,Access Road Rd․,900246
547,Garki Area 10,Akure St․,900246
548,Garki Area 10,Borno St․,900246
549,Garki Area 10,Herbert Macaulay Way,900246
550,Garki Area 10,Idah St․,900246
551,Garki Area 10,Markui St․,900246
552,Garki Area 10,Mashood Abiola Way,900246
553,Garki Area 10,Muhammadu Buhari Way,900246
554,Garki Area 10,Olusegun Obasanjo Way.,900246
555,Garki Area 10,Ahmadu Bello St․,900247
556,Garki Area 11,Ahmadu Bello St․,900247
557,Garki Area 11,Birnin Kebbi St St․,900247
558,Garki Area 11,Dutse St․,900247
559,Garki Area 11,Ekiti St․,900247
560,Garki Area 11,Lagos Cr․,900247
561,Garki Area 11,Moshood Abiola Way,900247
562,Garki Area 11,Nsukka St․,900247
563,Garki Area 11,Obafemi Awolowo St․,900247
564,Garki Area 11,Oka Akoko St․,900247
565,Garki Area 11,Oke Agbe St․,900247
566,Garki Area 11,Olusegun Abasanjo Way,900247
567,Garki Area 11,Port Harcourt St․,900247
568,Garki Area 11,S.L. Akintola BLV BLV.,900247
569,Garki Area 11,Sapele St․,900247
570,Garki Area 11,Shagamu St․,900247
571,Garki Area 11,Tafawa Balewa Way,900247
572,Garki Area 11,Uyo Cr․,900247
573,Garki Area 11,Warri St.,900247
574,Garki Area 11,Akore Cr․,900271
575,Garki Area 11,Ahmadu Bello St․,900247
576,Garki Area 11,Birnin Kebbi St St․,900247
577,Garki Area 11,Dutse St․,900247
578,Garki Area 11,Ekiti St․,900247
579,Garki Area 11,Lagos Cr․,900247
580,Garki Area 11,Moshood Abiola Way,900247
581,Garki Area 11,Nsukka St․,900247
582,Garki Area 11,Obafemi Awolowo St․,900247
583,Garki Area 11,Oka Akoko St․,900247
584,Garki Area 11,Oke Agbe St․,900247
585,Garki Area 11,Olusegun Abasanjo Way,900247
586,Garki Area 11,Port Harcourt St․,900247
587,Garki Area 11,S.L. Akintola BLV BLV.,900247
588,Garki Area 11,Sapele St․,900247
589,Garki Area 11,Shagamu St․,900247
590,Garki Area 11,Tafawa Balewa Way,900247
591,Garki Area 11,Uyo Cr․,900247
592,Garki Area 11,Warri St.,900247
593,Garki Area 11,Akore Cr․,900271
594,Garki Area 11,Ahmadu Bello St․,900247
595,Garki Area 11,Birnin Kebbi St St․,900247
596,Garki Area 11,Dutse St․,900247
597,Garki Area 11,Ekiti St․,900247
598,Garki Area 11,Lagos Cr․,900247
599,Garki Area 11,Moshood Abiola Way,900247
600,Garki Area 11,Nsukka St․,900247
601,Garki Area 11,Obafemi Awolowo St․,900247
602,Garki Area 11,Oka Akoko St․,900247
603,Garki Area 11,Oke Agbe St․,900247
604,Garki Area 11,Olusegun Abasanjo Way,900247
605,Garki Area 11,Port Harcourt St․,900247
606,Garki Area 11,S.L. Akintola BLV BLV.,900247
607,Garki Area 11,Sapele St․,900247
608,Garki Area 11,Shagamu St․,900247
609,Garki Area 11,Tafawa Balewa Way,900247
610,Garki Area 11,Uyo Cr․,900247
611,Garki Area 11,Warri St.,900247
612,Garki Area 11,Akore Cr․,900271
613,Garki Area 11,Ahmadu Bello St․,900247
614,Garki Area 11,Birnin Kebbi St St․,900247
615,Garki Area 11,Dutse St․,900247
616,Garki Area 11,Ekiti St․,900247
617,Garki Area 11,Lagos Cr․,900247
618,Garki Area 11,Moshood Abiola Way,900247
619,Garki Area 11,Nsukka St․,900247
620,Garki Area 11,Obafemi Awolowo St․,900247
621,Garki Area 11,Oka Akoko St․,900247
622,Garki Area 11,Oke Agbe St․,900247
623,Garki Area 11,Olusegun Abasanjo Way,900247
624,Garki Area 11,Port Harcourt St․,900247
625,Garki Area 11,S.L. Akintola BLV BLV.,900247
626,Garki Area 11,Sapele St․,900247
627,Garki Area 11,Shagamu St․,900247
628,Garki Area 11,Tafawa Balewa Way,900247
629,Garki Area 11,Uyo Cr․,900247
630,Garki Area 11,Warri St.,900247
631,Garki Area 11,Akore Cr․,900271
632,Maitama,Akore Cr․,900271
633,Maitama,Amsteam St․,900271
634,Maitama,Asa St․,900271
635,Maitama,Barawa St․,900271
636,Maitama,Cesteem St․,900271
637,Maitama,Challawa Cr․,900271
638,Maitama,Cuito St․,900271
639,Maitama,Komoe Cr․,900271
640,Maitama,Lake Cha Cr․,900271
641,Maitama,Limropo St․,900271
642,Maitama,Madeira St․,900271
643,Maitama,Ngadda Cr․,900271
644,Maitama,Nue St․,900271
645,Maitama,Ofiki St․,900271
646,Maitama,Ona Cr․,900271
647,Maitama,Onega St․,900271
648,Maitama,Ontario Cr․,900271
649,Maitama,Onwul Cr․,900271
650,Maitama,Orange Cr․,900271
651,Maitama,Osse St.,900271
652,Maitama,Punji Cr․,900271
653,Maitama,Rio Gaia St․,900271
654,Maitama,Rudolf St․,900271
655,Maitama,Sambreiro Cr․,900271
656,Maitama,Tana St․,900271
657,Maitama,Taraba Cr․,900271
658,Maitama,Usuma St․,900271
659,Maitama,Volta Cr․,900271
660,Maitama,Wuye Cr․,900271
661,Maitama,Yapa St․,900271
662,Maitama,Zaire Cr․,900271
663,Maitama,Zambezi Cr․,900271
664,Maitama,Zamfara Cr․,900271
665,Maitama,Aguyi Ironsi St.,900271
666,Maitama,Alvan Ikoko Way,900271
667,Maitama,Amazon St․,900271
668,Maitama,Batanji Cr․,900271
669,Maitama,Danube St․,900271
670,Maitama,Dep. St․,900271
671,Maitama,Erie Cr․,900271
672,Maitama,Euphrates St․,900271
673,Maitama,Gana St․,900271
674,Maitama,Ganges St․,900271
675,Maitama,Ibrahim Babangida Way,900271
676,Maitama,Inner Northern Express Way,900271
677,Maitama,Katsina Ala Cr․,900271
678,Maitama,Kunene Cr․,900271
679,Maitama,Lena Cr․,900271
680,Maitama,Mississippi St.,900271
681,Maitama,Murtala Mohd (N) Way,900271
682,Maitama,Nile St․,900271
683,Maitama,Nnamdi Azikwe Way,900271
684,Maitama,North Transit Way,900271
685,Maitama,Orinaco Cr․,900271
686,Maitama,Osun St․,900271
687,Maitama,Panama St․,900271
688,Maitama,Rhine St․,900271
689,Maitama,Rima St․,900271
690,Maitama,Ruwana St․,900271
691,Maitama,Sangha St.,900271
692,Maitama,Shasha Cr․,900271
693,Maitama,Shehu Shagari (N) Way,900271
694,Maitama,Shehu Yaradua Way,900271
695,Maitama,Tanganyika St․,900271
696,Maitama,Tennesse Cr․,900271
697,Maitama,Tubo Cr․,900271
698,Maitama,Uruguay St․,900271
699,Maitama,Vaal St․,900271
700,Maitama,Vananern Cr․,900271
701,Maitama,Vattern St․,900271
702,Maitama,Volga St.,900271
703,Maitama,Alvan Ikoku Way,900221
704,Maitama,Akore Cr․,900271
705,Maitama,Amsteam St․,900271
706,Maitama,Asa St․,900271
707,Maitama,Barawa St․,900271
708,Maitama,Cesteem St․,900271
709,Maitama,Challawa Cr․,900271
710,Maitama,Cuito St․,900271
711,Maitama,Komoe Cr․,900271
712,Maitama,Lake Cha Cr․,900271
713,Maitama,Limropo St․,900271
714,Maitama,Madeira St․,900271
715,Maitama,Ngadda Cr․,900271
716,Maitama,Nue St․,900271
717,Maitama,Ofiki St․,900271
718,Maitama,Ona Cr․,900271
719,Maitama,Onega St․,900271
720,Maitama,Ontario Cr․,900271
721,Maitama,Onwul Cr․,900271
722,Maitama,Orange Cr․,900271
723,Maitama,Osse St.,900271
724,Maitama,Punji Cr․,900271
725,Maitama,Rio Gaia St․,900271
726,Maitama,Rudolf St․,900271
727,Maitama,Sambreiro Cr․,900271
728,Maitama,Tana St․,900271
729,Maitama,Taraba Cr․,900271
730,Maitama,Usuma St․,900271
731,Maitama,Volta Cr․,900271
732,Maitama,Wuye Cr․,900271
733,Maitama,Yapa St․,900271
734,Maitama,Zaire Cr․,900271
735,Maitama,Zambezi Cr․,900271
736,Maitama,Zamfara Cr․,900271
737,Maitama,Aguyi Ironsi St.,900271
738,Maitama,Alvan Ikoko Way,900271
739,Maitama,Amazon St․,900271
740,Maitama,Batanji Cr․,900271
741,Maitama,Danube St․,900271
742,Maitama,Dep. St․,900271
743,Maitama,Erie Cr․,900271
744,Maitama,Euphrates St․,900271
745,Maitama,Gana St․,900271
746,Maitama,Ganges St․,900271
747,Maitama,Ibrahim Babangida Way,900271
748,Maitama,Inner Northern Express Way,900271
749,Maitama,Katsina Ala Cr․,900271
750,Maitama,Kunene Cr․,900271
751,Maitama,Lena Cr․,900271
752,Maitama,Mississippi St.,900271
753,Maitama,Murtala Mohd (N) Way,900271
754,Maitama,Nile St․,900271
755,Maitama,Nnamdi Azikwe Way,900271
756,Maitama,North Transit Way,900271
757,Maitama,Orinaco Cr․,900271
758,Maitama,Osun St․,900271
759,Maitama,Panama St․,900271
760,Maitama,Rhine St․,900271
761,Maitama,Rima St․,900271
762,Maitama,Ruwana St․,900271
763,Maitama,Sangha St.,900271
764,Maitama,Shasha Cr․,900271
765,Maitama,Shehu Shagari (N) Way,900271
766,Maitama,Shehu Yaradua Way,900271
767,Maitama,Tanganyika St․,900271
768,Maitama,Tennesse Cr․,900271
769,Maitama,Tubo Cr․,900271
770,Maitama,Uruguay St․,900271
771,Maitama,Vaal St․,900271
772,Maitama,Vananern Cr․,900271
773,Maitama,Vattern St․,900271
774,Maitama,Volga St.,900271
775,Maitama,Alvan Ikoku Way,900221
776,Maitama,Akore Cr․,900271
777,Maitama,Amsteam St․,900271
778,Maitama,Asa St․,900271
779,Maitama,Barawa St․,900271
780,Maitama,Cesteem St․,900271
781,Maitama,Challawa Cr․,900271
782,Maitama,Cuito St․,900271
783,Maitama,Komoe Cr․,900271
784,Maitama,Lake Cha Cr․,900271
785,Maitama,Limropo St․,900271
786,Maitama,Madeira St․,900271
787,Maitama,Ngadda Cr․,900271
788,Maitama,Nue St․,900271
789,Maitama,Ofiki St․,900271
790,Maitama,Ona Cr․,900271
791,Maitama,Onega St․,900271
792,Maitama,Ontario Cr․,900271
793,Maitama,Onwul Cr․,900271
794,Maitama,Orange Cr․,900271
795,Maitama,Osse St.,900271
796,Maitama,Punji Cr․,900271
797,Maitama,Rio Gaia St․,900271
798,Maitama,Rudolf St․,900271
799,Maitama,Sambreiro Cr․,900271
800,Maitama,Tana St․,900271
801,Maitama,Taraba Cr․,900271
802,Maitama,Usuma St․,900271
803,Maitama,Volta Cr․,900271
804,Maitama,Wuye Cr․,900271
805,Maitama,Yapa St․,900271
806,Maitama,Zaire Cr․,900271
807,Maitama,Zambezi Cr․,900271
808,Maitama,Zamfara Cr․,900271
809,Maitama,Aguyi Ironsi St.,900271
810,Maitama,Alvan Ikoko Way,900271
811,Maitama,Amazon St․,900271
812,Maitama,Batanji Cr․,900271
813,Maitama,Danube St․,900271
814,Maitama,Dep. St․,900271
815,Maitama,Erie Cr․,900271
816,Maitama,Euphrates St․,900271
817,Maitama,Gana St․,900271
818,Maitama,Ganges St․,900271
819,Maitama,Ibrahim Babangida Way,900271
820,Maitama,Inner Northern Express Way,900271
821,Maitama,Katsina Ala Cr․,900271
822,Maitama,Kunene Cr․,900271
823,Maitama,Lena Cr․,900271
824,Maitama,Mississippi St.,900271
825,Maitama,Murtala Mohd (N) Way,900271
826,Maitama,Nile St․,900271
827,Maitama,Nnamdi Azikwe Way,900271
828,Maitama,North Transit Way,900271
829,Maitama,Orinaco Cr․,900271
830,Maitama,Osun St․,900271
831,Maitama,Panama St․,900271
832,Maitama,Rhine St․,900271
833,Maitama,Rima St․,900271
834,Maitama,Ruwana St․,900271
835,Maitama,Sangha St.,900271
836,Maitama,Shasha Cr․,900271
837,Maitama,Shehu Shagari (N) Way,900271
838,Maitama,Shehu Yaradua Way,900271
839,Maitama,Tanganyika St․,900271
840,Maitama,Tennesse Cr․,900271
841,Maitama,Tubo Cr․,900271
842,Maitama,Uruguay St․,900271
843,Maitama,Vaal St․,900271
844,Maitama,Vananern Cr․,900271
845,Maitama,Vattern St․,900271
846,Maitama,Volga St.,900271
847,Maitama,Alvan Ikoku Way,900221
848,Maitama,Akore Cr․,900271
849,Maitama,Amsteam St․,900271
850,Maitama,Asa St․,900271
851,Maitama,Barawa St․,900271
852,Maitama,Cesteem St․,900271
853,Maitama,Challawa Cr․,900271
854,Maitama,Cuito St․,900271
855,Maitama,Komoe Cr․,900271
856,Maitama,Lake Cha Cr․,900271
857,Maitama,Limropo St․,900271
858,Maitama,Madeira St․,900271
859,Maitama,Ngadda Cr․,900271
860,Maitama,Nue St․,900271
861,Maitama,Ofiki St․,900271
862,Maitama,Ona Cr․,900271
863,Maitama,Onega St․,900271
864,Maitama,Ontario Cr․,900271
865,Maitama,Onwul Cr․,900271
866,Maitama,Orange Cr․,900271
867,Maitama,Osse St.,900271
868,Maitama,Punji Cr․,900271
869,Maitama,Rio Gaia St․,900271
870,Maitama,Rudolf St․,900271
871,Maitama,Sambreiro Cr․,900271
872,Maitama,Tana St․,900271
873,Maitama,Taraba Cr․,900271
874,Maitama,Usuma St․,900271
875,Maitama,Volta Cr․,900271
876,Maitama,Wuye Cr․,900271
877,Maitama,Yapa St․,900271
878,Maitama,Zaire Cr․,900271
879,Maitama,Zambezi Cr․,900271
880,Maitama,Zamfara Cr․,900271
881,Maitama,Aguyi Ironsi St.,900271
882,Maitama,Alvan Ikoko Way,900271
883,Maitama,Amazon St․,900271
884,Maitama,Batanji Cr․,900271
885,Maitama,Danube St․,900271
886,Maitama,Dep. St․,900271
887,Maitama,Erie Cr․,900271
888,Maitama,Euphrates St․,900271
889,Maitama,Gana St․,900271
890,Maitama,Ganges St․,900271
891,Maitama,Ibrahim Babangida Way,900271
892,Maitama,Inner Northern Express Way,900271
893,Maitama,Katsina Ala Cr․,900271
894,Maitama,Kunene Cr․,900271
895,Maitama,Lena Cr․,900271
896,Maitama,Mississippi St.,900271
897,Maitama,Murtala Mohd (N) Way,900271
898,Maitama,Nile St․,900271
899,Maitama,Nnamdi Azikwe Way,900271
900,Maitama,North Transit Way,900271
901,Maitama,Orinaco Cr․,900271
902,Maitama,Osun St․,900271
903,Maitama,Panama St․,900271
904,Maitama,Rhine St․,900271
905,Maitama,Rima St․,900271
906,Maitama,Ruwana St․,900271
907,Maitama,Sangha St.,900271
908,Maitama,Shasha Cr․,900271
909,Maitama,Shehu Shagari (N) Way,900271
910,Maitama,Shehu Yaradua Way,900271
911,Maitama,Tanganyika St․,900271
912,Maitama,Tennesse Cr․,900271
913,Maitama,Tubo Cr․,900271
914,Maitama,Uruguay St․,900271
915,Maitama,Vaal St․,900271
916,Maitama,Vananern Cr․,900271
917,Maitama,Vattern St․,900271
918,Maitama,Volga St.,900271
919,Maitama,Alvan Ikoku Way,900221
920,Three Arms Zone,Alvan Ikoku Way,900221
921,Three Arms Zone,Asokoro Ave.,900221
922,Three Arms Zone,Inner Northern Express Way,900221
923,Three Arms Zone,"Maitama Ave., Mississippi St․",900221
924,Three Arms Zone,Murtala Mohammed Exp (N) Way,900221
925,Three Arms Zone,Outhern Northern Express Way,900221
926,Three Arms Zone,Shehu Shagari (S) Way,900221
927,Three Arms Zone,Thames St․,900221
928,Three Arms Zone,Tigris Cr․,900221
929,Three Arms Zone,Yedsebam St․,900221
930,Three Arms Zone,Zambezi Cr.,900221
931,Three Arms Zone,Adetokunbo Ademola Cr․,900288
932,Three Arms Zone,Alvan Ikoku Way,900221
933,Three Arms Zone,Asokoro Ave.,900221
934,Three Arms Zone,Inner Northern Express Way,900221
935,Three Arms Zone,"Maitama Ave., Mississippi St․",900221
936,Three Arms Zone,Murtala Mohammed Exp (N) Way,900221
937,Three Arms Zone,Outhern Northern Express Way,900221
938,Three Arms Zone,Shehu Shagari (S) Way,900221
939,Three Arms Zone,Thames St․,900221
940,Three Arms Zone,Tigris Cr․,900221
941,Three Arms Zone,Yedsebam St․,900221
942,Three Arms Zone,Zambezi Cr.,900221
943,Three Arms Zone,Adetokunbo Ademola Cr․,900288
944,Three Arms Zone,Alvan Ikoku Way,900221
945,Three Arms Zone,Asokoro Ave.,900221
946,Three Arms Zone,Inner Northern Express Way,900221
947,Three Arms Zone,"Maitama Ave., Mississippi St․",900221
948,Three Arms Zone,Murtala Mohammed Exp (N) Way,900221
949,Three Arms Zone,Outhern Northern Express Way,900221
950,Three Arms Zone,Shehu Shagari (S) Way,900221
951,Three Arms Zone,Thames St․,900221
952,Three Arms Zone,Tigris Cr․,900221
953,Three Arms Zone,Yedsebam St․,900221
954,Three Arms Zone,Zambezi Cr.,900221
955,Three Arms Zone,Adetokunbo Ademola Cr․,900288
956,Three Arms Zone,Alvan Ikoku Way,900221
957,Three Arms Zone,Asokoro Ave.,900221
958,Three Arms Zone,Inner Northern Express Way,900221
959,Three Arms Zone,"Maitama Ave., Mississippi St․",900221
960,Three Arms Zone,Murtala Mohammed Exp (N) Way,900221
961,Three Arms Zone,Outhern Northern Express Way,900221
962,Three Arms Zone,Shehu Shagari (S) Way,900221
963,Three Arms Zone,Thames St․,900221
964,Three Arms Zone,Tigris Cr․,900221
965,Three Arms Zone,Yedsebam St․,900221
966,Three Arms Zone,Zambezi Cr.,900221
967,Three Arms Zone,Adetokunbo Ademola Cr․,900288
968,Wuse II,Adetokunbo Ademola Cr․,900288
969,Wuse II,Agadez Cr․,900288
970,Wuse II,Ahmadu Bello Way,900288
971,Wuse II,Alex Sandra Cr․,900288
972,Wuse II,Aminu Kano Cr․,900288
973,Wuse II,Baguy St․,900288
974,Wuse II,Bajul St․,900288
975,Wuse II,Bantyle St․,900288
976,Wuse II,Barosalem St․,900288
977,Wuse II,Beira St․,900288
978,Wuse II,Buchanan Cr․,900288
979,Wuse II,Bujmburra St․,900288
980,Wuse II,Cassabulanka St.,900288
981,Wuse II,Durban St․,900288
982,Wuse II,Fez St․,900288
983,Wuse II,Freetown St․,900288
984,Wuse II,Herbert Macualay Way,900288
985,Wuse II,Hombari St․,900288
986,Wuse II,Ibrahim Babangida Way,900288
987,Wuse II,Kampala St.,900288
988,Wuse II,Kumasi St․,900288
989,Wuse II,Libravile Cr․,900288
990,Wuse II,Lingu Cr․,900288
991,Wuse II,Lubito Cr․,900288
992,Wuse II,Madona Cr․,900288
993,Wuse II,Marakeshi St․,900288
994,Wuse II,Metel St․,900288
995,Wuse II,Moronvia St.,900288
996,Wuse II,Moshi Cr․,900288
997,Wuse II,Nairobi Cr․,900288
998,Wuse II,Northern Park Way,900288
999,Wuse II,Ojibuti Cr․,900288
1000,Wuse II,Outher Northern Transit Way,900288
1001,Wuse II,Partomuro Cr․,900288
1002,Wuse II,Sani Abacha Way,900288
1003,Wuse II,Sekondi St․,900288
1004,Wuse II,Sir Kasim Ibrahim Way,900288
1005,Wuse II,Sultan Abubakar St․,900288
1006,Wuse II,Tarkwa Cr․,900288
1007,Wuse II,Wanda Cr.,900288
1008,Wuse II,Arugha Cr․,900281
1009,Wuse II,Adetokunbo Ademola Cr․,900288
1010,Wuse II,Agadez Cr․,900288
1011,Wuse II,Ahmadu Bello Way,900288
1012,Wuse II,Alex Sandra Cr․,900288
1013,Wuse II,Aminu Kano Cr․,900288
1014,Wuse II,Baguy St․,900288
1015,Wuse II,Bajul St․,900288
1016,Wuse II,Bantyle St․,900288
1017,Wuse II,Barosalem St․,900288
1018,Wuse II,Beira St․,900288
1019,Wuse II,Buchanan Cr․,900288
1020,Wuse II,Bujmburra St․,900288
1021,Wuse II,Cassabulanka St.,900288
1022,Wuse II,Durban St․,900288
1023,Wuse II,Fez St․,900288
1024,Wuse II,Freetown St․,900288
1025,Wuse II,Herbert Macualay Way,900288
1026,Wuse II,Hombari St․,900288
1027,Wuse II,Ibrahim Babangida Way,900288
1028,Wuse II,Kampala St.,900288
1029,Wuse II,Kumasi St․,900288
1030,Wuse II,Libravile Cr․,900288
1031,Wuse II,Lingu Cr․,900288
1032,Wuse II,Lubito Cr․,900288
1033,Wuse II,Madona Cr․,900288
1034,Wuse II,Marakeshi St․,900288
1035,Wuse II,Metel St․,900288
1036,Wuse II,Moronvia St.,900288
1037,Wuse II,Moshi Cr․,900288
1038,Wuse II,Nairobi Cr․,900288
1039,Wuse II,Northern Park Way,900288
1040,Wuse II,Ojibuti Cr․,900288
1041,Wuse II,Outher Northern Transit Way,900288
1042,Wuse II,Partomuro Cr․,900288
1043,Wuse II,Sani Abacha Way,900288
1044,Wuse II,Sekondi St․,900288
1045,Wuse II,Sir Kasim Ibrahim Way,900288
1046,Wuse II,Sultan Abubakar St․,900288
1047,Wuse II,Tarkwa Cr․,900288
1048,Wuse II,Wanda Cr.,900288
1049,Wuse II,Arugha Cr․,900281
1050,Wuse II,Adetokunbo Ademola Cr․,900288
1051,Wuse II,Agadez Cr․,900288
1052,Wuse II,Ahmadu Bello Way,900288
1053,Wuse II,Alex Sandra Cr․,900288
1054,Wuse II,Aminu Kano Cr․,900288
1055,Wuse II,Baguy St․,900288
1056,Wuse II,Bajul St․,900288
1057,Wuse II,Bantyle St․,900288
1058,Wuse II,Barosalem St․,900288
1059,Wuse II,Beira St․,900288
1060,Wuse II,Buchanan Cr․,900288
1061,Wuse II,Bujmburra St․,900288
1062,Wuse II,Cassabulanka St.,900288
1063,Wuse II,Durban St․,900288
1064,Wuse II,Fez St․,900288
1065,Wuse II,Freetown St․,900288
1066,Wuse II,Herbert Macualay Way,900288
1067,Wuse II,Hombari St․,900288
1068,Wuse II,Ibrahim Babangida Way,900288
1069,Wuse II,Kampala St.,900288
1070,Wuse II,Kumasi St․,900288
1071,Wuse II,Libravile Cr․,900288
1072,Wuse II,Lingu Cr․,900288
1073,Wuse II,Lubito Cr․,900288
1074,Wuse II,Madona Cr․,900288
1075,Wuse II,Marakeshi St․,900288
1076,Wuse II,Metel St․,900288
1077,Wuse II,Moronvia St.,900288
1078,Wuse II,Moshi Cr․,900288
1079,Wuse II,Nairobi Cr․,900288
1080,Wuse II,Northern Park Way,900288
1081,Wuse II,Ojibuti Cr․,900288
1082,Wuse II,Outher Northern Transit Way,900288
1083,Wuse II,Partomuro Cr․,900288
1084,Wuse II,Sani Abacha Way,900288
1085,Wuse II,Sekondi St․,900288
1086,Wuse II,Sir Kasim Ibrahim Way,900288
1087,Wuse II,Sultan Abubakar St․,900288
1088,Wuse II,Tarkwa Cr․,900288
1089,Wuse II,Wanda Cr.,900288
1090,Wuse II,Arugha Cr․,900281
1091,Wuse II,Adetokunbo Ademola Cr․,900288
1092,Wuse II,Agadez Cr․,900288
1093,Wuse II,Ahmadu Bello Way,900288
1094,Wuse II,Alex Sandra Cr․,900288
1095,Wuse II,Aminu Kano Cr․,900288
1096,Wuse II,Baguy St․,900288
1097,Wuse II,Bajul St․,900288
1098,Wuse II,Bantyle St․,900288
1099,Wuse II,Barosalem St․,900288
1100,Wuse II,Beira St․,900288
1101,Wuse II,Buchanan Cr․,900288
1102,Wuse II,Bujmburra St․,900288
1103,Wuse II,Cassabulanka St.,900288
1104,Wuse II,Durban St․,900288
1105,Wuse II,Fez St․,900288
1106,Wuse II,Freetown St․,900288
1107,Wuse II,Herbert Macualay Way,900288
1108,Wuse II,Hombari St․,900288
1109,Wuse II,Ibrahim Babangida Way,900288
1110,Wuse II,Kampala St.,900288
1111,Wuse II,Kumasi St․,900288
1112,Wuse II,Libravile Cr․,900288
1113,Wuse II,Lingu Cr․,900288
1114,Wuse II,Lubito Cr․,900288
1115,Wuse II,Madona Cr․,900288
1116,Wuse II,Marakeshi St․,900288
1117,Wuse II,Metel St․,900288
1118,Wuse II,Moronvia St.,900288
1119,Wuse II,Moshi Cr․,900288
1120,Wuse II,Nairobi Cr․,900288
1121,Wuse II,Northern Park Way,900288
1122,Wuse II,Ojibuti Cr․,900288
1123,Wuse II,Outher Northern Transit Way,900288
1124,Wuse II,Partomuro Cr․,900288
1125,Wuse II,Sani Abacha Way,900288
1126,Wuse II,Sekondi St․,900288
1127,Wuse II,Sir Kasim Ibrahim Way,900288
1128,Wuse II,Sultan Abubakar St․,900288
1129,Wuse II,Tarkwa Cr․,900288
1130,Wuse II,Wanda Cr.,900288
1131,Wuse II,Arugha Cr․,900281
1132,Wuse Zone 1,Arugha Cr․,900281
1133,Wuse Zone 1,Bulao St․,900281
1134,Wuse Zone 1,Choma St․,900281
1135,Wuse Zone 1,Delta St․,900281
1136,Wuse Zone 1,Garowa St․,900281
1137,Wuse Zone 1,Gondet St․,900281
1138,Wuse Zone 1,Harper Cr․,900281
1139,Wuse Zone 1,Humanbo Cr․,900281
1140,Wuse Zone 1,Kaolack St․,900281
1141,Wuse Zone 1,Kayes St․,900281
1142,Wuse Zone 1,Kigali St․,900281
1143,Wuse Zone 1,Massana St․,900281
1144,Wuse Zone 1,Nouachchott St․,900281
1145,Wuse Zone 1,Oran St․,900281
1146,Wuse Zone 1,Sultan Abubakar Way,900281
1147,Wuse Zone 1,Sunyani St․,900281
1148,Wuse Zone 1,Umme St․,900281
1149,Wuse Zone 1,Yanorach St.,900281
1150,Wuse Zone 1,Angola St․,900282
1151,Wuse Zone 1,Arugha Cr․,900281
1152,Wuse Zone 1,Bulao St․,900281
1153,Wuse Zone 1,Choma St․,900281
1154,Wuse Zone 1,Delta St․,900281
1155,Wuse Zone 1,Garowa St․,900281
1156,Wuse Zone 1,Gondet St․,900281
1157,Wuse Zone 1,Harper Cr․,900281
1158,Wuse Zone 1,Humanbo Cr․,900281
1159,Wuse Zone 1,Kaolack St․,900281
1160,Wuse Zone 1,Kayes St․,900281
1161,Wuse Zone 1,Kigali St․,900281
1162,Wuse Zone 1,Massana St․,900281
1163,Wuse Zone 1,Nouachchott St․,900281
1164,Wuse Zone 1,Oran St․,900281
1165,Wuse Zone 1,Sultan Abubakar Way,900281
1166,Wuse Zone 1,Sunyani St․,900281
1167,Wuse Zone 1,Umme St․,900281
1168,Wuse Zone 1,Yanorach St.,900281
1169,Wuse Zone 1,Angola St․,900282
1170,Wuse Zone 1,Arugha Cr․,900281
1171,Wuse Zone 1,Bulao St․,900281
1172,Wuse Zone 1,Choma St․,900281
1173,Wuse Zone 1,Delta St․,900281
1174,Wuse Zone 1,Garowa St․,900281
1175,Wuse Zone 1,Gondet St․,900281
1176,Wuse Zone 1,Harper Cr․,900281
1177,Wuse Zone 1,Humanbo Cr․,900281
1178,Wuse Zone 1,Kaolack St․,900281
1179,Wuse Zone 1,Kayes St․,900281
1180,Wuse Zone 1,Kigali St․,900281
1181,Wuse Zone 1,Massana St․,900281
1182,Wuse Zone 1,Nouachchott St․,900281
1183,Wuse Zone 1,Oran St․,900281
1184,Wuse Zone 1,Sultan Abubakar Way,900281
1185,Wuse Zone 1,Sunyani St․,900281
1186,Wuse Zone 1,Umme St․,900281
1187,Wuse Zone 1,Yanorach St.,900281
1188,Wuse Zone 1,Angola St․,900282
1189,Wuse Zone 1,Arugha Cr․,900281
1190,Wuse Zone 1,Bulao St․,900281
1191,Wuse Zone 1,Choma St․,900281
1192,Wuse Zone 1,Delta St․,900281
1193,Wuse Zone 1,Garowa St․,900281
1194,Wuse Zone 1,Gondet St․,900281
1195,Wuse Zone 1,Harper Cr․,900281
1196,Wuse Zone 1,Humanbo Cr․,900281
1197,Wuse Zone 1,Kaolack St․,900281
1198,Wuse Zone 1,Kayes St․,900281
1199,Wuse Zone 1,Kigali St․,900281
1200,Wuse Zone 1,Massana St․,900281
1201,Wuse Zone 1,Nouachchott St․,900281
1202,Wuse Zone 1,Oran St․,900281
1203,Wuse Zone 1,Sultan Abubakar Way,900281
1204,Wuse Zone 1,Sunyani St․,900281
1205,Wuse Zone 1,Umme St․,900281
1206,Wuse Zone 1,Yanorach St.,900281
1207,Wuse Zone 1,Angola St․,900282
1208,Wuse Zone 2,Angola St․,900282
1209,Wuse Zone 2,Bechar St․,900282
1210,Wuse Zone 2,Burundi St․,900282
1211,Wuse Zone 2,Faranmi St․,900282
1212,Wuse Zone 2,Gabes St․,900282
1213,Wuse Zone 2,Gaborone St․,900282
1214,Wuse Zone 2,Kisiamu St․,900282
1215,Wuse Zone 2,Khartoum St․,900282
1216,Wuse Zone 2,Koforidua St․,900282
1217,Wuse Zone 2,Korhogo St․,900282
1218,Wuse Zone 2,Kribi St․,900282
1219,Wuse Zone 2,Kumba St.,900282
1220,Wuse Zone 2,Lavumisa St․,900282
1221,Wuse Zone 2,Mambolo St․,900282
1222,Wuse Zone 2,Michael Okpara St․,900282
1223,Wuse Zone 2,Naimey St․,900282
1224,Wuse Zone 2,Quagadougou St․,900282
1225,Wuse Zone 2,Senanga St․,900282
1226,Wuse Zone 2,Sultan Abubakar St․,900282
1227,Wuse Zone 2,Tourggourt St.,900282
1228,Wuse Zone 2,Abidjam St․,900283
1229,Wuse Zone 2,Angola St․,900282
1230,Wuse Zone 2,Bechar St․,900282
1231,Wuse Zone 2,Burundi St․,900282
1232,Wuse Zone 2,Faranmi St․,900282
1233,Wuse Zone 2,Gabes St․,900282
1234,Wuse Zone 2,Gaborone St․,900282
1235,Wuse Zone 2,Kisiamu St․,900282
1236,Wuse Zone 2,Khartoum St․,900282
1237,Wuse Zone 2,Koforidua St․,900282
1238,Wuse Zone 2,Korhogo St․,900282
1239,Wuse Zone 2,Kribi St․,900282
1240,Wuse Zone 2,Kumba St.,900282
1241,Wuse Zone 2,Lavumisa St․,900282
1242,Wuse Zone 2,Mambolo St․,900282
1243,Wuse Zone 2,Michael Okpara St․,900282
1244,Wuse Zone 2,Naimey St․,900282
1245,Wuse Zone 2,Quagadougou St․,900282
1246,Wuse Zone 2,Senanga St․,900282
1247,Wuse Zone 2,Sultan Abubakar St․,900282
1248,Wuse Zone 2,Tourggourt St.,900282
1249,Wuse Zone 2,Abidjam St․,900283
1250,Wuse Zone 2,Angola St․,900282
1251,Wuse Zone 2,Bechar St․,900282
1252,Wuse Zone 2,Burundi St․,900282
1253,Wuse Zone 2,Faranmi St․,900282
1254,Wuse Zone 2,Gabes St․,900282
1255,Wuse Zone 2,Gaborone St․,900282
1256,Wuse Zone 2,Kisiamu St․,900282
1257,Wuse Zone 2,Khartoum St․,900282
1258,Wuse Zone 2,Koforidua St․,900282
1259,Wuse Zone 2,Korhogo St․,900282
1260,Wuse Zone 2,Kribi St․,900282
1261,Wuse Zone 2,Kumba St.,900282
1262,Wuse Zone 2,Lavumisa St․,900282
1263,Wuse Zone 2,Mambolo St․,900282
1264,Wuse Zone 2,Michael Okpara St․,900282
1265,Wuse Zone 2,Naimey St․,900282
1266,Wuse Zone 2,Quagadougou St․,900282
1267,Wuse Zone 2,Senanga St․,900282
1268,Wuse Zone 2,Sultan Abubakar St․,900282
1269,Wuse Zone 2,Tourggourt St.,900282
1270,Wuse Zone 2,Abidjam St․,900283
1271,Wuse Zone 2,Angola St․,900282
1272,Wuse Zone 2,Bechar St․,900282
1273,Wuse Zone 2,Burundi St․,900282
1274,Wuse Zone 2,Faranmi St․,900282
1275,Wuse Zone 2,Gabes St․,900282
1276,Wuse Zone 2,Gaborone St․,900282
1277,Wuse Zone 2,Kisiamu St․,900282
1278,Wuse Zone 2,Khartoum St․,900282
1279,Wuse Zone 2,Koforidua St․,900282
1280,Wuse Zone 2,Korhogo St․,900282
1281,Wuse Zone 2,Kribi St․,900282
1282,Wuse Zone 2,Kumba St.,900282
1283,Wuse Zone 2,Lavumisa St․,900282
1284,Wuse Zone 2,Mambolo St․,900282
1285,Wuse Zone 2,Michael Okpara St․,900282
1286,Wuse Zone 2,Naimey St․,900282
1287,Wuse Zone 2,Quagadougou St․,900282
1288,Wuse Zone 2,Senanga St․,900282
1289,Wuse Zone 2,Sultan Abubakar St․,900282
1290,Wuse Zone 2,Tourggourt St.,900282
1291,Wuse Zone 2,Abidjam St․,900283
1292,Wuse Zone 3,Abidjam St․,900283
1293,Wuse Zone 3,Al Fayyan St․,900283
1294,Wuse Zone 3,Algeria St․,900283
1295,Wuse Zone 3,Aswan St․,900283
1296,Wuse Zone 3,Bamenda St․,900283
1297,Wuse Zone 3,Casamank Cr․,900283
1298,Wuse Zone 3,Conakry St․,900283
1299,Wuse Zone 3,Diourbell St․,900283
1300,Wuse Zone 3,Herbert Marcaulay Way,900283
1301,Wuse Zone 3,Lubumbrasiru St․,900283
1302,Wuse Zone 3,Lukulu St.,900283
1303,Wuse Zone 3,Maputo St․,900283
1304,Wuse Zone 3,Matadi Cr․,900283
1305,Wuse Zone 3,Mosadishu St․,900283
1306,Wuse Zone 3,Nampola St․,900283
1307,Wuse Zone 3,Ndande Cr․,900283
1308,Wuse Zone 3,Olusegun Obasanjo Way,900283
1309,Wuse Zone 3,Safar St․,900283
1310,Wuse Zone 3,Sultan Abukakar Way,900283
1311,Wuse Zone 3,Yele St.,900283
1312,Wuse Zone 3,Addis Ababa St․,900284
1313,Wuse Zone 3,Abidjam St․,900283
1314,Wuse Zone 3,Al Fayyan St․,900283
1315,Wuse Zone 3,Algeria St․,900283
1316,Wuse Zone 3,Aswan St․,900283
1317,Wuse Zone 3,Bamenda St․,900283
1318,Wuse Zone 3,Casamank Cr․,900283
1319,Wuse Zone 3,Conakry St․,900283
1320,Wuse Zone 3,Diourbell St․,900283
1321,Wuse Zone 3,Herbert Marcaulay Way,900283
1322,Wuse Zone 3,Lubumbrasiru St․,900283
1323,Wuse Zone 3,Lukulu St.,900283
1324,Wuse Zone 3,Maputo St․,900283
1325,Wuse Zone 3,Matadi Cr․,900283
1326,Wuse Zone 3,Mosadishu St․,900283
1327,Wuse Zone 3,Nampola St․,900283
1328,Wuse Zone 3,Ndande Cr․,900283
1329,Wuse Zone 3,Olusegun Obasanjo Way,900283
1330,Wuse Zone 3,Safar St․,900283
1331,Wuse Zone 3,Sultan Abukakar Way,900283
1332,Wuse Zone 3,Yele St.,900283
1333,Wuse Zone 3,Addis Ababa St․,900284
1334,Wuse Zone 3,Abidjam St․,900283
1335,Wuse Zone 3,Al Fayyan St․,900283
1336,Wuse Zone 3,Algeria St․,900283
1337,Wuse Zone 3,Aswan St․,900283
1338,Wuse Zone 3,Bamenda St․,900283
1339,Wuse Zone 3,Casamank Cr․,900283
1340,Wuse Zone 3,Conakry St․,900283
1341,Wuse Zone 3,Diourbell St․,900283
1342,Wuse Zone 3,Herbert Marcaulay Way,900283
1343,Wuse Zone 3,Lubumbrasiru St․,900283
1344,Wuse Zone 3,Lukulu St.,900283
1345,Wuse Zone 3,Maputo St․,900283
1346,Wuse Zone 3,Matadi Cr․,900283
1347,Wuse Zone 3,Mosadishu St․,900283
1348,Wuse Zone 3,Nampola St․,900283
1349,Wuse Zone 3,Ndande Cr․,900283
1350,Wuse Zone 3,Olusegun Obasanjo Way,900283
1351,Wuse Zone 3,Safar St․,900283
1352,Wuse Zone 3,Sultan Abukakar Way,900283
1353,Wuse Zone 3,Yele St.,900283
1354,Wuse Zone 3,Addis Ababa St․,900284
1355,Wuse Zone 3,Abidjam St․,900283
1356,Wuse Zone 3,Al Fayyan St․,900283
1357,Wuse Zone 3,Algeria St․,900283
1358,Wuse Zone 3,Aswan St․,900283
1359,Wuse Zone 3,Bamenda St․,900283
1360,Wuse Zone 3,Casamank Cr․,900283
1361,Wuse Zone 3,Conakry St․,900283
1362,Wuse Zone 3,Diourbell St․,900283
1363,Wuse Zone 3,Herbert Marcaulay Way,900283
1364,Wuse Zone 3,Lubumbrasiru St․,900283
1365,Wuse Zone 3,Lukulu St.,900283
1366,Wuse Zone 3,Maputo St․,900283
1367,Wuse Zone 3,Matadi Cr․,900283
1368,Wuse Zone 3,Mosadishu St․,900283
1369,Wuse Zone 3,Nampola St․,900283
1370,Wuse Zone 3,Ndande Cr․,900283
1371,Wuse Zone 3,Olusegun Obasanjo Way,900283
1372,Wuse Zone 3,Safar St․,900283
1373,Wuse Zone 3,Sultan Abukakar Way,900283
1374,Wuse Zone 3,Yele St.,900283
1375,Wuse Zone 3,Addis Ababa St․,900284
1376,Wuse Zone 4,Addis Ababa St․,900284
1377,Wuse Zone 4,Bencrat St․,900284
1378,Wuse Zone 4,Constantins St․,900284
1379,Wuse Zone 4,Farnah St․,900284
1380,Wuse Zone 4,Herbert Macaulay (N) Way,900284
1381,Wuse Zone 4,Hontserrado St․,900284
1382,Wuse Zone 4,Ibrahim Babangida Way,900284
1383,Wuse Zone 4,Kainiji Cr․,900284
1384,Wuse Zone 4,Kasim Ibrahim Way,900284
1385,Wuse Zone 4,Ladi Kwali St․,900284
1386,Wuse Zone 4,Manzani St․,900284
1387,Wuse Zone 4,Mexnes St․,900284
1388,Wuse Zone 4,Mogadehu St․,900284
1389,Wuse Zone 4,Portsad St․,900284
1390,Wuse Zone 4,Safi St․,900284
1391,Wuse Zone 4,Zuez Cr.,900284
1392,Wuse Zone 4,Accra St․,900285
1393,Wuse Zone 4,Addis Ababa St․,900284
1394,Wuse Zone 4,Bencrat St․,900284
1395,Wuse Zone 4,Constantins St․,900284
1396,Wuse Zone 4,Farnah St․,900284
1397,Wuse Zone 4,Herbert Macaulay (N) Way,900284
1398,Wuse Zone 4,Hontserrado St․,900284
1399,Wuse Zone 4,Ibrahim Babangida Way,900284
1400,Wuse Zone 4,Kainiji Cr․,900284
1401,Wuse Zone 4,Kasim Ibrahim Way,900284
1402,Wuse Zone 4,Ladi Kwali St․,900284
1403,Wuse Zone 4,Manzani St․,900284
1404,Wuse Zone 4,Mexnes St․,900284
1405,Wuse Zone 4,Mogadehu St․,900284
1406,Wuse Zone 4,Portsad St․,900284
1407,Wuse Zone 4,Safi St․,900284
1408,Wuse Zone 4,Zuez Cr.,900284
1409,Wuse Zone 4,Accra St․,900285
1410,Wuse Zone 4,Addis Ababa St․,900284
1411,Wuse Zone 4,Bencrat St․,900284
1412,Wuse Zone 4,Constantins St․,900284
1413,Wuse Zone 4,Farnah St․,900284
1414,Wuse Zone 4,Herbert Macaulay (N) Way,900284
1415,Wuse Zone 4,Hontserrado St․,900284
1416,Wuse Zone 4,Ibrahim Babangida Way,900284
1417,Wuse Zone 4,Kainiji Cr․,900284
1418,Wuse Zone 4,Kasim Ibrahim Way,900284
1419,Wuse Zone 4,Ladi Kwali St․,900284
1420,Wuse Zone 4,Manzani St․,900284
1421,Wuse Zone 4,Mexnes St․,900284
1422,Wuse Zone 4,Mogadehu St․,900284
1423,Wuse Zone 4,Portsad St․,900284
1424,Wuse Zone 4,Safi St․,900284
1425,Wuse Zone 4,Zuez Cr.,900284
1426,Wuse Zone 4,Accra St․,900285
1427,Wuse Zone 4,Addis Ababa St․,900284
1428,Wuse Zone 4,Bencrat St․,900284
1429,Wuse Zone 4,Constantins St․,900284
1430,Wuse Zone 4,Farnah St․,900284
1431,Wuse Zone 4,Herbert Macaulay (N) Way,900284
1432,Wuse Zone 4,Hontserrado St․,900284
1433,Wuse Zone 4,Ibrahim Babangida Way,900284
1434,Wuse Zone 4,Kainiji Cr․,900284
1435,Wuse Zone 4,Kasim Ibrahim Way,900284
1436,Wuse Zone 4,Ladi Kwali St․,900284
1437,Wuse Zone 4,Manzani St․,900284
1438,Wuse Zone 4,Mexnes St․,900284
1439,Wuse Zone 4,Mogadehu St․,900284
1440,Wuse Zone 4,Portsad St․,900284
1441,Wuse Zone 4,Safi St․,900284
1442,Wuse Zone 4,Zuez Cr.,900284
1443,Wuse Zone 4,Accra St․,900285
1444,Wuse Zone 5,Accra St․,900285
1445,Wuse Zone 5,Algiers St․,900285
1446,Wuse Zone 5,Atarare St․,900285
1447,Wuse Zone 5,Burundi St․,900285
1448,Wuse Zone 5,Cabanda St․,900285
1449,Wuse Zone 5,Dalaba St․,900285
1450,Wuse Zone 5,Damathur St․,900285
1451,Wuse Zone 5,Dambia St․,900285
1452,Wuse Zone 5,Doula St․,900285
1453,Wuse Zone 5,Hargeysa St․,900285
1454,Wuse Zone 5,Herbert Macualay Way,900285
1455,Wuse Zone 5,Khartoum St.,900285
1456,Wuse Zone 5,Michael Okpara St․,900285
1457,Wuse Zone 5,Mousassa St․,900285
1458,Wuse Zone 5,Nnamdi Azikiwe Way,900285
1459,Wuse Zone 5,Senanga St․,900285
1460,Wuse Zone 5,Sokode Cr․,900285
1461,Wuse Zone 5,Sultan Abubakar Way,900285
1462,Wuse Zone 5,Winneba St.,900285
1463,Wuse Zone 5,Abuja Parks Way,900286
1464,Wuse Zone 5,Accra St․,900285
1465,Wuse Zone 5,Algiers St․,900285
1466,Wuse Zone 5,Atarare St․,900285
1467,Wuse Zone 5,Burundi St․,900285
1468,Wuse Zone 5,Cabanda St․,900285
1469,Wuse Zone 5,Dalaba St․,900285
1470,Wuse Zone 5,Damathur St․,900285
1471,Wuse Zone 5,Dambia St․,900285
1472,Wuse Zone 5,Doula St․,900285
1473,Wuse Zone 5,Hargeysa St․,900285
1474,Wuse Zone 5,Herbert Macualay Way,900285
1475,Wuse Zone 5,Khartoum St.,900285
1476,Wuse Zone 5,Michael Okpara St․,900285
1477,Wuse Zone 5,Mousassa St․,900285
1478,Wuse Zone 5,Nnamdi Azikiwe Way,900285
1479,Wuse Zone 5,Senanga St․,900285
1480,Wuse Zone 5,Sokode Cr․,900285
1481,Wuse Zone 5,Sultan Abubakar Way,900285
1482,Wuse Zone 5,Winneba St.,900285
1483,Wuse Zone 5,Abuja Parks Way,900286
1484,Wuse Zone 5,Accra St․,900285
1485,Wuse Zone 5,Algiers St․,900285
1486,Wuse Zone 5,Atarare St․,900285
1487,Wuse Zone 5,Burundi St․,900285
1488,Wuse Zone 5,Cabanda St․,900285
1489,Wuse Zone 5,Dalaba St․,900285
1490,Wuse Zone 5,Damathur St․,900285
1491,Wuse Zone 5,Dambia St․,900285
1492,Wuse Zone 5,Doula St․,900285
1493,Wuse Zone 5,Hargeysa St․,900285
1494,Wuse Zone 5,Herbert Macualay Way,900285
1495,Wuse Zone 5,Khartoum St.,900285
1496,Wuse Zone 5,Michael Okpara St․,900285
1497,Wuse Zone 5,Mousassa St․,900285
1498,Wuse Zone 5,Nnamdi Azikiwe Way,900285
1499,Wuse Zone 5,Senanga St․,900285
1500,Wuse Zone 5,Sokode Cr․,900285
1501,Wuse Zone 5,Sultan Abubakar Way,900285
1502,Wuse Zone 5,Winneba St.,900285
1503,Wuse Zone 5,Abuja Parks Way,900286
1504,Wuse Zone 5,Accra St․,900285
1505,Wuse Zone 5,Algiers St․,900285
1506,Wuse Zone 5,Atarare St․,900285
1507,Wuse Zone 5,Burundi St․,900285
1508,Wuse Zone 5,Cabanda St․,900285
1509,Wuse Zone 5,Dalaba St․,900285
1510,Wuse Zone 5,Damathur St․,900285
1511,Wuse Zone 5,Dambia St․,900285
1512,Wuse Zone 5,Doula St․,900285
1513,Wuse Zone 5,Hargeysa St․,900285
1514,Wuse Zone 5,Herbert Macualay Way,900285
1515,Wuse Zone 5,Khartoum St.,900285
1516,Wuse Zone 5,Michael Okpara St․,900285
1517,Wuse Zone 5,Mousassa St․,900285
1518,Wuse Zone 5,Nnamdi Azikiwe Way,900285
1519,Wuse Zone 5,Senanga St․,900285
1520,Wuse Zone 5,Sokode Cr․,900285
1521,Wuse Zone 5,Sultan Abubakar Way,900285
1522,Wuse Zone 5,Winneba St.,900285
1523,Wuse Zone 5,Abuja Parks Way,900286
1524,Wuse Zone 6,Abuja Parks Way,900286
1525,Wuse Zone 6,Angola St․,900286
1526,Wuse Zone 6,Asamafa St․,900286
1527,Wuse Zone 6,Berbera St․,900286
1528,Wuse Zone 6,Beyla St․,900286
1529,Wuse Zone 6,Bouake St․,900286
1530,Wuse Zone 6,Coronour St․,900286
1531,Wuse Zone 6,Dire-Dawa St․,900286
1532,Wuse Zone 6,Dodama St․,900286
1533,Wuse Zone 6,Harere St․,900286
1534,Wuse Zone 6,Herbert Macualay Way,900286
1535,Wuse Zone 6,Jimma St․,900286
1536,Wuse Zone 6,Kasim Ibrahim Way,900286
1537,Wuse Zone 6,Kelemie St.,900286
1538,Wuse Zone 6,Kinshasha St․,900286
1539,Wuse Zone 6,Magenta St․,900286
1540,Wuse Zone 6,Makeni St․,900286
1541,Wuse Zone 6,Massru St․,900286
1542,Wuse Zone 6,Mbabane St․,900286
1543,Wuse Zone 6,Nnamdi Azikiwa Exwy,900286
1544,Wuse Zone 6,Rabat St․,900286
1545,Wuse Zone 6,Sudan St․,900286
1546,Wuse Zone 6,Tanga St․,900286
1547,Wuse Zone 6,Tema St․,900286
1548,Wuse Zone 6,Timbukku St․,900286
1549,Wuse Zone 6,Yaounde St․,900286
1550,Wuse Zone 6,Yunis St.,900286
1551,Wuse Zone 6,Bamako Cr․,900287
1552,Wuse Zone 6,Abuja Parks Way,900286
1553,Wuse Zone 6,Angola St․,900286
1554,Wuse Zone 6,Asamafa St․,900286
1555,Wuse Zone 6,Berbera St․,900286
1556,Wuse Zone 6,Beyla St․,900286
1557,Wuse Zone 6,Bouake St․,900286
1558,Wuse Zone 6,Coronour St․,900286
1559,Wuse Zone 6,Dire-Dawa St․,900286
1560,Wuse Zone 6,Dodama St․,900286
1561,Wuse Zone 6,Harere St․,900286
1562,Wuse Zone 6,Herbert Macualay Way,900286
1563,Wuse Zone 6,Jimma St․,900286
1564,Wuse Zone 6,Kasim Ibrahim Way,900286
1565,Wuse Zone 6,Kelemie St.,900286
1566,Wuse Zone 6,Kinshasha St․,900286
1567,Wuse Zone 6,Magenta St․,900286
1568,Wuse Zone 6,Makeni St․,900286
1569,Wuse Zone 6,Massru St․,900286
1570,Wuse Zone 6,Mbabane St․,900286
1571,Wuse Zone 6,Nnamdi Azikiwa Exwy,900286
1572,Wuse Zone 6,Rabat St․,900286
1573,Wuse Zone 6,Sudan St․,900286
1574,Wuse Zone 6,Tanga St․,900286
1575,Wuse Zone 6,Tema St․,900286
1576,Wuse Zone 6,Timbukku St․,900286
1577,Wuse Zone 6,Yaounde St․,900286
1578,Wuse Zone 6,Yunis St.,900286
1579,Wuse Zone 6,Bamako Cr․,900287
1580,Wuse Zone 6,Abuja Parks Way,900286
1581,Wuse Zone 6,Angola St․,900286
1582,Wuse Zone 6,Asamafa St․,900286
1583,Wuse Zone 6,Berbera St․,900286
1584,Wuse Zone 6,Beyla St․,900286
1585,Wuse Zone 6,Bouake St․,900286
1586,Wuse Zone 6,Coronour St․,900286
1587,Wuse Zone 6,Dire-Dawa St․,900286
1588,Wuse Zone 6,Dodama St․,900286
1589,Wuse Zone 6,Harere St․,900286
1590,Wuse Zone 6,Herbert Macualay Way,900286
1591,Wuse Zone 6,Jimma St․,900286
1592,Wuse Zone 6,Kasim Ibrahim Way,900286
1593,Wuse Zone 6,Kelemie St.,900286
1594,Wuse Zone 6,Kinshasha St․,900286
1595,Wuse Zone 6,Magenta St․,900286
1596,Wuse Zone 6,Makeni St․,900286
1597,Wuse Zone 6,Massru St․,900286
1598,Wuse Zone 6,Mbabane St․,900286
1599,Wuse Zone 6,Nnamdi Azikiwa Exwy,900286
1600,Wuse Zone 6,Rabat St․,900286
1601,Wuse Zone 6,Sudan St․,900286
1602,Wuse Zone 6,Tanga St․,900286
1603,Wuse Zone 6,Tema St․,900286
1604,Wuse Zone 6,Timbukku St․,900286
1605,Wuse Zone 6,Yaounde St․,900286
1606,Wuse Zone 6,Yunis St.,900286
1607,Wuse Zone 6,Bamako Cr․,900287
1608,Wuse Zone 6,Abuja Parks Way,900286
1609,Wuse Zone 6,Angola St․,900286
1610,Wuse Zone 6,Asamafa St․,900286
1611,Wuse Zone 6,Berbera St․,900286
1612,Wuse Zone 6,Beyla St․,900286
1613,Wuse Zone 6,Bouake St․,900286
1614,Wuse Zone 6,Coronour St․,900286
1615,Wuse Zone 6,Dire-Dawa St․,900286
1616,Wuse Zone 6,Dodama St․,900286
1617,Wuse Zone 6,Harere St․,900286
1618,Wuse Zone 6,Herbert Macualay Way,900286
1619,Wuse Zone 6,Jimma St․,900286
1620,Wuse Zone 6,Kasim Ibrahim Way,900286
1621,Wuse Zone 6,Kelemie St.,900286
1622,Wuse Zone 6,Kinshasha St․,900286
1623,Wuse Zone 6,Magenta St․,900286
1624,Wuse Zone 6,Makeni St․,900286
1625,Wuse Zone 6,Massru St․,900286
1626,Wuse Zone 6,Mbabane St․,900286
1627,Wuse Zone 6,Nnamdi Azikiwa Exwy,900286
1628,Wuse Zone 6,Rabat St․,900286
1629,Wuse Zone 6,Sudan St․,900286
1630,Wuse Zone 6,Tanga St․,900286
1631,Wuse Zone 6,Tema St․,900286
1632,Wuse Zone 6,Timbukku St․,900286
1633,Wuse Zone 6,Yaounde St․,900286
1634,Wuse Zone 6,Yunis St.,900286
1635,Wuse Zone 6,Bamako Cr․,900287
1636,Wuse Zone 7,Bamako Cr․,900287
1637,Wuse Zone 7,Bambari Cr․,900287
1638,Wuse Zone 7,Choma St․,900287
1639,Wuse Zone 7,Huambo Cr․,900287
1640,Wuse Zone 7,Hamper Cr․,900287
1641,Wuse Zone 7,Lome Cr․,900287
1642,Wuse Zone 7,Nigoma St․,900287
1643,Wuse Zone 7,Nouahcholt St․,900287
1644,Wuse Zone 7,Olusegun Obasanjo Way,900287
1645,Wuse Zone 7,Sirasso Cr․,900287
1646,Wuse Zone 7,Sunyani St.,900287
1647,Wuse Zone 7,Bamako Cr․,900287
1648,Wuse Zone 7,Bambari Cr․,900287
1649,Wuse Zone 7,Choma St․,900287
1650,Wuse Zone 7,Huambo Cr․,900287
1651,Wuse Zone 7,Hamper Cr․,900287
1652,Wuse Zone 7,Lome Cr․,900287
1653,Wuse Zone 7,Nigoma St․,900287
1654,Wuse Zone 7,Nouahcholt St․,900287
1655,Wuse Zone 7,Olusegun Obasanjo Way,900287
1656,Wuse Zone 7,Sirasso Cr․,900287
1657,Wuse Zone 7,Sunyani St.,900287
1658,Wuse Zone 7,Bamako Cr․,900287
1659,Wuse Zone 7,Bambari Cr․,900287
1660,Wuse Zone 7,Choma St․,900287
1661,Wuse Zone 7,Huambo Cr․,900287
1662,Wuse Zone 7,Hamper Cr․,900287
1663,Wuse Zone 7,Lome Cr․,900287
1664,Wuse Zone 7,Nigoma St․,900287
1665,Wuse Zone 7,Nouahcholt St․,900287
1666,Wuse Zone 7,Olusegun Obasanjo Way,900287
1667,Wuse Zone 7,Sirasso Cr․,900287
1668,Wuse Zone 7,Sunyani St.,900287
1669,Wuse Zone 7,Bamako Cr․,900287
1670,Wuse Zone 7,Bambari Cr․,900287
1671,Wuse Zone 7,Choma St․,900287
1672,Wuse Zone 7,Huambo Cr․,900287
1673,Wuse Zone 7,Hamper Cr․,900287
1674,Wuse Zone 7,Lome Cr․,900287
1675,Wuse Zone 7,Nigoma St․,900287
1676,Wuse Zone 7,Nouahcholt St․,900287
1677,Wuse Zone 7,Olusegun Obasanjo Way,900287
1678,Wuse Zone 7,Sirasso Cr․,900287
1679,Wuse Zone 7,Sunyani St.,900287
1680,Abaji,Agyana,905101
1681,Abaji,Bago,905101
1682,Abaji,Bandagi,905101
1683,Abaji,Dapala,905101
1684,Abaji,Ebagi,905101
1685,Abaji,Gbogbogo,905101
1686,Abaji,Kebba,905101
1687,Abaji,Manderegi,905101
1688,Abaji,Nah. Tosho,905101
1689,Abaji,Nahalati Sabo,905101
1690,Abaji,Nuku,905101
1691,Abaji,Panagana,905101
1692,Abaji,Rimba,905101
1693,Abaji,Uboshenu,905101
1694,Abaji,Yawule,905101
1695,Abaji,Abuja,905102
1696,Abaji,Agyana,905101
1697,Abaji,Bago,905101
1698,Abaji,Bandagi,905101
1699,Abaji,Dapala,905101
1700,Abaji,Ebagi,905101
1701,Abaji,Gbogbogo,905101
1702,Abaji,Kebba,905101
1703,Abaji,Manderegi,905101
1704,Abaji,Nah. Tosho,905101
1705,Abaji,Nahalati Sabo,905101
1706,Abaji,Nuku,905101
1707,Abaji,Panagana,905101
1708,Abaji,Rimba,905101
1709,Abaji,Uboshenu,905101
1710,Abaji,Yawule,905101
1711,Abaji,Abuja,905102
1712,Abaji,Agyana,905101
1713,Abaji,Bago,905101
1714,Abaji,Bandagi,905101
1715,Abaji,Dapala,905101
1716,Abaji,Ebagi,905101
1717,Abaji,Gbogbogo,905101
1718,Abaji,Kebba,905101
1719,Abaji,Manderegi,905101
1720,Abaji,Nah. Tosho,905101
1721,Abaji,Nahalati Sabo,905101
1722,Abaji,Nuku,905101
1723,Abaji,Panagana,905101
1724,Abaji,Rimba,905101
1725,Abaji,Uboshenu,905101
1726,Abaji,Yawule,905101
1727,Abaji,Abuja,905102
1728,Yaba,Abuja,905102
1729,Yaba,Adagba,905102
1730,Yaba,Afo,905102
1731,Yaba,Akori,905102
1732,Yaba,Alampa,905102
1733,Yaba,Allu,905102
1734,Yaba,Ayaba,905102
1735,Yaba,Bari-Bezi,905102
1736,Yaba,Bazi-Bezi,905102
1737,Yaba,Busga,905102
1738,Yaba,Chakun,905102
1739,Yaba,Chundugo,905102
1740,Yaba,Dabbare,905102
1741,Yaba,Dara,905102
1742,Yaba,Dewu,905102
1743,Yaba,Domi,905102
1744,Yaba,Dumb,905102
1745,Yaba,Ekki,905102
1746,Yaba,Fakon Tando,905102
1747,Yaba,Gadabiri,905102
1748,Yaba,Gari,905102
1749,Yaba,Gasakba,905102
1750,Yaba,Gasukpa,905102
1751,Yaba,Gawu,905102
1752,Yaba,Gawun,905102
1753,Yaba,Gidan Maisaye,905102
1754,Yaba,Gurdi,905102
1755,Yaba,Guruza,905102
1756,Yaba,Gwanda,905102
1757,Yaba,Gwona,905102
1758,Yaba,Jamigbe,905102
1759,Yaba,Kafako,905102
1760,Yaba,Kpace,905102
1761,Yaba,Kularida,905102
1762,Yaba,Kutara,905102
1763,Yaba,Kwago,905102
1764,Yaba,Kwakwa,905102
1765,Yaba,Kyawu,905102
1766,Yaba,Lafia Yaba,905102
1767,Yaba,Managi,905102
1768,Yaba,Nadichi,905102
1769,Yaba,Nagun,905102
1770,Yaba,Nassarawa,905102
1771,Yaba,Nowog,905102
1772,Yaba,Nyembo,905102
1773,Yaba,Pako Base,905102
1774,Yaba,Panagu,905102
1775,Yaba,Pandaji,905102
1776,Yaba,Pankuru,905102
1777,Yaba,Panpari,905102
1778,Yaba,Piowe,905102
1779,Yaba,Sabongida,905102
1780,Yaba,Sarowo-Abdu,905102
1781,Yaba,Selifulyu,905102
1782,Yaba,Shadad,905102
1783,Yaba,Soitan,905102
1784,Yaba,Takpeshi,905102
1785,Yaba,Talpa,905102
1786,Yaba,Tanaga,905102
1787,Yaba,Wapa,905102
1788,Yaba,Yelwa,905102
1789,Yaba,Yelwa Gawu,905102
1790,Yaba,Zuwa,905102
1791,Yaba,Abuja,905102
1792,Yaba,Adagba,905102
1793,Yaba,Afo,905102
1794,Yaba,Akori,905102
1795,Yaba,Alampa,905102
1796,Yaba,Allu,905102
1797,Yaba,Ayaba,905102
1798,Yaba,Bari-Bezi,905102
1799,Yaba,Bazi-Bezi,905102
1800,Yaba,Busga,905102
1801,Yaba,Chakun,905102
1802,Yaba,Chundugo,905102
1803,Yaba,Dabbare,905102
1804,Yaba,Dara,905102
1805,Yaba,Dewu,905102
1806,Yaba,Domi,905102
1807,Yaba,Dumb,905102
1808,Yaba,Ekki,905102
1809,Yaba,Fakon Tando,905102
1810,Yaba,Gadabiri,905102
1811,Yaba,Gari,905102
1812,Yaba,Gasakba,905102
1813,Yaba,Gasukpa,905102
1814,Yaba,Gawu,905102
1815,Yaba,Gawun,905102
1816,Yaba,Gidan Maisaye,905102
1817,Yaba,Gurdi,905102
1818,Yaba,Guruza,905102
1819,Yaba,Gwanda,905102
1820,Yaba,Gwona,905102
1821,Yaba,Jamigbe,905102
1822,Yaba,Kafako,905102
1823,Yaba,Kpace,905102
1824,Yaba,Kularida,905102
1825,Yaba,Kutara,905102
1826,Yaba,Kwago,905102
1827,Yaba,Kwakwa,905102
1828,Yaba,Kyawu,905102
1829,Yaba,Lafia Yaba,905102
1830,Yaba,Managi,905102
1831,Yaba,Nadichi,905102
1832,Yaba,Nagun,905102
1833,Yaba,Nassarawa,905102
1834,Yaba,Nowog,905102
1835,Yaba,Nyembo,905102
1836,Yaba,Pako Base,905102
1837,Yaba,Panagu,905102
1838,Yaba,Pandaji,905102
1839,Yaba,Pankuru,905102
1840,Yaba,Panpari,905102
1841,Yaba,Piowe,905102
1842,Yaba,Sabongida,905102
1843,Yaba,Sarowo-Abdu,905102
1844,Yaba,Selifulyu,905102
1845,Yaba,Shadad,905102
1846,Yaba,Soitan,905102
1847,Yaba,Takpeshi,905102
1848,Yaba,Talpa,905102
1849,Yaba,Tanaga,905102
1850,Yaba,Wapa,905102
1851,Yaba,Yelwa,905102
1852,Yaba,Yelwa Gawu,905102
1853,Yaba,Zuwa,905102
1854,Yaba,Abuja,905102
1855,Yaba,Adagba,905102
1856,Yaba,Afo,905102
1857,Yaba,Akori,905102
1858,Yaba,Alampa,905102
1859,Yaba,Allu,905102
1860,Yaba,Ayaba,905102
1861,Yaba,Bari-Bezi,905102
1862,Yaba,Bazi-Bezi,905102
1863,Yaba,Busga,905102
1864,Yaba,Chakun,905102
1865,Yaba,Chundugo,905102
1866,Yaba,Dabbare,905102
1867,Yaba,Dara,905102
1868,Yaba,Dewu,905102
1869,Yaba,Domi,905102
1870,Yaba,Dumb,905102
1871,Yaba,Ekki,905102
1872,Yaba,Fakon Tando,905102
1873,Yaba,Gadabiri,905102
1874,Yaba,Gari,905102
1875,Yaba,Gasakba,905102
1876,Yaba,Gasukpa,905102
1877,Yaba,Gawu,905102
1878,Yaba,Gawun,905102
1879,Yaba,Gidan Maisaye,905102
1880,Yaba,Gurdi,905102
1881,Yaba,Guruza,905102
1882,Yaba,Gwanda,905102
1883,Yaba,Gwona,905102
1884,Yaba,Jamigbe,905102
1885,Yaba,Kafako,905102
1886,Yaba,Kpace,905102
1887,Yaba,Kularida,905102
1888,Yaba,Kutara,905102
1889,Yaba,Kwago,905102
1890,Yaba,Kwakwa,905102
1891,Yaba,Kyawu,905102
1892,Yaba,Lafia Yaba,905102
1893,Yaba,Managi,905102
1894,Yaba,Nadichi,905102
1895,Yaba,Nagun,905102
1896,Yaba,Nassarawa,905102
1897,Yaba,Nowog,905102
1898,Yaba,Nyembo,905102
1899,Yaba,Pako Base,905102
1900,Yaba,Panagu,905102
1901,Yaba,Pandaji,905102
1902,Yaba,Pankuru,905102
1903,Yaba,Panpari,905102
1904,Yaba,Piowe,905102
1905,Yaba,Sabongida,905102
1906,Yaba,Sarowo-Abdu,905102
1907,Yaba,Selifulyu,905102
1908,Yaba,Shadad,905102
1909,Yaba,Soitan,905102
1910,Yaba,Takpeshi,905102
1911,Yaba,Talpa,905102
1912,Yaba,Tanaga,905102
1913,Yaba,Wapa,905102
1914,Yaba,Yelwa,905102
1915,Yaba,Yelwa Gawu,905102
1916,Yaba,Zuwa,905102
