District,Area,Street,Postal Code
Abuja (Capital),Asokoro,Ajayi Cresentwder Street,900231
Abuja (Capital),Asokoro,Akenzua Street,900231
Abuja (Capital),Asokoro,Ali Akihi Cresent,900231
Abuja (Capital),Asokoro,Anwar Sadat Street,900231
Abuja (Capital),Asokoro,Dennis Osadebe Street,900231
Abuja (Capital),Asokoro,El-Emi Street,900231
Abuja (Capital),Asokoro,Gandhi Street,900231
Abuja (Capital),Asokoro,Ibrahim Taiwo Street,900231
Abuja (Capital),Asokoro,Jesse Jackson Street,900231
Abuja (Capital),Asokoro,Jimmy Cater Street,900231
Abuja (Capital),Asokoro,King Faisal Street,900231
Abuja (Capital),Asokoro,Kofo Abayomi Street,900231
Abuja (Capital),Asokoro,Lo Luga Street,900231
Abuja (Capital),Asokoro,Maitama Sule Street,900231
Abuja (Capital),Asokoro,Malcolm Farser Street,900231
Abuja (Capital),Asokoro,Margret Thatcher St,900231
Abuja (Capital),Asokoro,Martin Luther Cresent,900231
Abuja (Capital),Asokoro,Modibo Adana Cresent,900231
Abuja (Capital),Asokoro,Oliver Tambo Street,900231
Abuja (Capital),Asokoro,Queen Amina Street,900231
Abuja (Capital),Asokoro,Queen Elizabeth Street,900231
Abuja (Capital),Asokoro,Queen Ida Street,900231
Abuja (Capital),Asokoro,RAB Dikko Road Rd․,900231
Abuja (Capital),Asokoro,Rwang Pam Street,900231
Abuja (Capital),Asokoro,Shehu Shagari Way,900231
Abuja (Capital),Asokoro,Suleiman Barau Cresent,900231
Abuja (Capital),Asokoro,Tito Bros Street,900231
Abuja (Capital),Asokoro,Ukpabi Asika Street,900231
Abuja (Capital),Asokoro,Usman Danfodio Cresent,900231
Abuja (Capital),Asokoro,Winston Churchill Street,900231
Abuja (Capital),Asokoro,Yakubu Gowon Cr,900231
Abuja (Capital),Asokoro,Abdou Diouf Cresent,900231
Abuja (Capital),Asokoro,Akan Ibiam Street,900231
Abuja (Capital),Asokoro,Amaddu Ahidjo Street,900231
Abuja (Capital),Asokoro,Biogny Street,900231
Abuja (Capital),Asokoro,Desmond Tutu Street,900231
Abuja (Capital),Asokoro,Eyedema Street,900231
Abuja (Capital),Asokoro,Halle Sallasie Street,900231
Abuja (Capital),Asokoro,Inner Southern Express Way,900231
Abuja (Capital),Asokoro,Jomo Kenyatta Street,900231
Abuja (Capital),Asokoro,Joshua Nkonwo Street,900231
Abuja (Capital),Asokoro,Julius Nyerere Cresent,900231
Abuja (Capital),Asokoro,Kenneth Kaunda Street,900231
Abuja (Capital),Asokoro,Kwame Nkurma Cresent,900231
Abuja (Capital),Asokoro,Loius Edet Street,900231
Abuja (Capital),Asokoro,Mathew Kerekou Street,900231
Abuja (Capital),Asokoro,Murtala Mohammed Way,900231
Abuja (Capital),Asokoro,Musa Traore Cresent,900231
Abuja (Capital),Asokoro,Nelson Mandala Street,900231
Abuja (Capital),Asokoro,Patrice Lumimuba Street,900231
Abuja (Capital),Asokoro,Robert Mugabe Street,900231
Abuja (Capital),Asokoro,Sebghor Street,900231
Abuja (Capital),Asokoro,Siaka Streetvens Street,900231
Abuja (Capital),Asokoro,Thomas Sankara Street,900231
Abuja (Capital),Asokoro,2nd Ave․,900211
Abuja (Capital),Central Business District,2nd Ave․,900211
Abuja (Capital),Central Business District,3 Ave․,900211
Abuja (Capital),Central Business District,4th Ave․,900211
Abuja (Capital),Central Business District,Abuja Dr․,900211
Abuja (Capital),Central Business District,Ahmadu Bello Way,900211
Abuja (Capital),Central Business District,Constitution Rd․,900211
Abuja (Capital),Central Business District,Hospital Ave․,900211
Abuja (Capital),Central Business District,Independence Ave.,900211
Abuja (Capital),Central Business District,Inner Express (N) Way,900211
Abuja (Capital),Central Business District,Mohammed Buhari Way,900211
Abuja (Capital),Central Business District,North Transit Way,900211
Abuja (Capital),Central Business District,Northern Express Way,900211
Abuja (Capital),Central Business District,Olusegun Obasanjo Way,900211
Abuja (Capital),Central Business District,Shehu Shagari Way,900211
Abuja (Capital),Central Business District,South Transit Way,900211
Abuja (Capital),Central Business District,Tafawa Balewa Way.,900211
Abuja (Capital),Central Business District,Aladja Street,900241
Abuja (Capital),Garki Area 1,Aladja Street,900241
Abuja (Capital),Garki Area 1,Auchi Street,900241
Abuja (Capital),Garki Area 1,Benue Cresent,900241
Abuja (Capital),Garki Area 1,Faskari Street,900241
Abuja (Capital),Garki Area 1,Ijero Street,900241
Abuja (Capital),Garki Area 1,Imo Cresent,900241
Abuja (Capital),Garki Area 1,Kano Street,900241
Abuja (Capital),Garki Area 1,Kaura Namoda Street,900241
Abuja (Capital),Garki Area 1,Lapai Street,900241
Abuja (Capital),Garki Area 1,Mashood-Abiola Way,900241
Abuja (Capital),Garki Area 1,Nassarawa Street,900241
Abuja (Capital),Garki Area 1,Nnamdi Azikwe Way,900241
Abuja (Capital),Garki Area 1,Ondo Street,900241
Abuja (Capital),Garki Area 1,Oyo Street,900241
Abuja (Capital),Garki Area 1,Sokoto Street,900241
Abuja (Capital),Garki Area 1,Suleja Street,900241
Abuja (Capital),Garki Area 1,Abakaliki Street,900242
Abuja (Capital),Garki Area 2,Abakaliki Street,900242
Abuja (Capital),Garki Area 2,Abuja Parks Way.,900242
Abuja (Capital),Garki Area 2,Benin Street,900243
Abuja (Capital),Garki Area 3,Benin Street,900243
Abuja (Capital),Garki Area 3,Birnin Kebbi Street,900243
Abuja (Capital),Garki Area 3,Cresentss River Street,900243
Abuja (Capital),Garki Area 3,Funmilayo Ransomekuti Road Rd․,900243
Abuja (Capital),Garki Area 3,Gongola Street,900243
Abuja (Capital),Garki Area 3,Ibadan Street,900243
Abuja (Capital),Garki Area 3,Ikare Street,900243
Abuja (Capital),Garki Area 3,Jalingo Street,900243
Abuja (Capital),Garki Area 3,Jos Street,900243
Abuja (Capital),Garki Area 3,Katagun Street,900243
Abuja (Capital),Garki Area 3,Kaura-Namoda Street,900243
Abuja (Capital),Garki Area 3,Kazaure Street,900243
Abuja (Capital),Garki Area 3,Moshood Abiola Way,900243
Abuja (Capital),Garki Area 3,Mubi Street,900243
Abuja (Capital),Garki Area 3,Nnewi Street,900243
Abuja (Capital),Garki Area 3,Okigwe Street,900243
Abuja (Capital),Garki Area 3,Orlu Street,900243
Abuja (Capital),Garki Area 3,Oyo Street,900243
Abuja (Capital),Garki Area 3,Tafawa Balewa Way,900243
Abuja (Capital),Garki Area 3,Yenagoa Street,900243
Abuja (Capital),Garki Area 3,Calabar Street,900244
Abuja (Capital),Garki Area 7,Calabar Street,900244
Abuja (Capital),Garki Area 7,Herbat-Macualay (S) Way,900244
Abuja (Capital),Garki Area 7,Kam-Salem Street,900244
Abuja (Capital),Garki Area 7,Muhammadu-Bahari Way,900244
Abuja (Capital),Garki Area 7,Obafemi Awolowo Way,900244
Abuja (Capital),Garki Area 7,Tafawa Balewa Way,900244
Abuja (Capital),Garki Area 7,Yola Street,900244
Abuja (Capital),Garki Area 7,Abeokuta Street,900245
Abuja (Capital),Garki Area 8,Abeokuta Street,900245
Abuja (Capital),Garki Area 8,Ile-Ife Street,900245
Abuja (Capital),Garki Area 8,Ilorin Street,900245
Abuja (Capital),Garki Area 8,Minna Street,900245
Abuja (Capital),Garki Area 8,Muhammadu Buhari Way,900245
Abuja (Capital),Garki Area 8,Ogbomosho Street,900245
Abuja (Capital),Garki Area 8,Tafawa Balewa Way.,900245
Abuja (Capital),Garki Area 8,Access Road Rd․,900246
Abuja (Capital),Garki Area 10,Access Road Rd․,900246
Abuja (Capital),Garki Area 10,Akure Street,900246
Abuja (Capital),Garki Area 10,Borno Street,900246
Abuja (Capital),Garki Area 10,Herbert Macaulay Way,900246
Abuja (Capital),Garki Area 10,Idah Street,900246
Abuja (Capital),Garki Area 10,Markui Street,900246
Abuja (Capital),Garki Area 10,Mashood Abiola Way,900246
Abuja (Capital),Garki Area 10,Muhammadu Buhari Way,900246
Abuja (Capital),Garki Area 10,Olusegun Obasanjo Way.,900246
Abuja (Capital),Garki Area 10,Ahmadu Bello Street,900247
Abuja (Capital),Garki Area 11,Ahmadu Bello Street,900247
Abuja (Capital),Garki Area 11,Birnin Kebbi StreetStreet,900247
Abuja (Capital),Garki Area 11,Dutse Street,900247
Abuja (Capital),Garki Area 11,Ekiti Street,900247
Abuja (Capital),Garki Area 11,Lagos Cresent,900247
Abuja (Capital),Garki Area 11,Moshood Abiola Way,900247
Abuja (Capital),Garki Area 11,Nsukka Street,900247
Abuja (Capital),Garki Area 11,Obafemi Awolowo Street,900247
Abuja (Capital),Garki Area 11,Oka Akoko Street,900247
Abuja (Capital),Garki Area 11,Oke Agbe Street,900247
Abuja (Capital),Garki Area 11,Olusegun Abasanjo Way,900247
Abuja (Capital),Garki Area 11,Port Harcourt Street,900247
Abuja (Capital),Garki Area 11,S.L. Akintola BLV BLV.,900247
Abuja (Capital),Garki Area 11,Sapele Street,900247
Abuja (Capital),Garki Area 11,Shagamu Street,900247
Abuja (Capital),Garki Area 11,Tafawa Balewa Way,900247
Abuja (Capital),Garki Area 11,Uyo Cresent,900247
Abuja (Capital),Garki Area 11,Warri Street,900247
Abuja (Capital),Garki Area 11,Akore Cresent,900271
Abuja (Capital),Maitama,Akore Cresent,900271
Abuja (Capital),Maitama,Amsteam Street,900271
Abuja (Capital),Maitama,Asa Street,900271
Abuja (Capital),Maitama,Barawa Street,900271
Abuja (Capital),Maitama,Cesteem Street,900271
Abuja (Capital),Maitama,Challawa Cresent,900271
Abuja (Capital),Maitama,Cuito Street,900271
Abuja (Capital),Maitama,Komoe Cresent,900271
Abuja (Capital),Maitama,Lake Cha Cresent,900271
Abuja (Capital),Maitama,Limropo Street,900271
Abuja (Capital),Maitama,Madeira Street,900271
Abuja (Capital),Maitama,Ngadda Cresent,900271
Abuja (Capital),Maitama,Nue Street,900271
Abuja (Capital),Maitama,Ofiki Street,900271
Abuja (Capital),Maitama,Ona Cresent,900271
Abuja (Capital),Maitama,Onega Street,900271
Abuja (Capital),Maitama,Ontario Cresent,900271
Abuja (Capital),Maitama,Onwul Cresent,900271
Abuja (Capital),Maitama,Orange Cresent,900271
Abuja (Capital),Maitama,Osse Street,900271
Abuja (Capital),Maitama,Punji Cresent,900271
Abuja (Capital),Maitama,Rio Gaia Street,900271
Abuja (Capital),Maitama,Rudolf Street,900271
Abuja (Capital),Maitama,Sambreiro Cresent,900271
Abuja (Capital),Maitama,Tana Street,900271
Abuja (Capital),Maitama,Taraba Cresent,900271
Abuja (Capital),Maitama,Usuma Street,900271
Abuja (Capital),Maitama,Volta Cresent,900271
Abuja (Capital),Maitama,Wuye Cresent,900271
Abuja (Capital),Maitama,Yapa Street,900271
Abuja (Capital),Maitama,Zaire Cresent,900271
Abuja (Capital),Maitama,Zambezi Cresent,900271
Abuja (Capital),Maitama,Zamfara Cresent,900271
Abuja (Capital),Maitama,Aguyi Ironsi Street,900271
Abuja (Capital),Maitama,Alvan Ikoko Way,900271
Abuja (Capital),Maitama,Amazon Street,900271
Abuja (Capital),Maitama,Batanji Cresent,900271
Abuja (Capital),Maitama,Danube Street,900271
Abuja (Capital),Maitama,Dep. Street,900271
Abuja (Capital),Maitama,Erie Cresent,900271
Abuja (Capital),Maitama,Euphrates Street,900271
Abuja (Capital),Maitama,Gana Street,900271
Abuja (Capital),Maitama,Ganges Street,900271
Abuja (Capital),Maitama,Ibrahim Babangida Way,900271
Abuja (Capital),Maitama,Inner Northern Express Way,900271
Abuja (Capital),Maitama,Katsina Ala Cresent,900271
Abuja (Capital),Maitama,Kunene Cresent,900271
Abuja (Capital),Maitama,Lena Cresent,900271
Abuja (Capital),Maitama,Mississippi Street,900271
Abuja (Capital),Maitama,Murtala Mohd (N) Way,900271
Abuja (Capital),Maitama,Nile Street,900271
Abuja (Capital),Maitama,Nnamdi Azikwe Way,900271
Abuja (Capital),Maitama,North Transit Way,900271
Abuja (Capital),Maitama,Orinaco Cresent,900271
Abuja (Capital),Maitama,Osun Street,900271
Abuja (Capital),Maitama,Panama Street,900271
Abuja (Capital),Maitama,Rhine Street,900271
Abuja (Capital),Maitama,Rima Street,900271
Abuja (Capital),Maitama,Ruwana Street,900271
Abuja (Capital),Maitama,Sangha Street,900271
Abuja (Capital),Maitama,Shasha Cresent,900271
Abuja (Capital),Maitama,Shehu Shagari (N) Way,900271
Abuja (Capital),Maitama,Shehu Yaradua Way,900271
Abuja (Capital),Maitama,Tanganyika Street,900271
Abuja (Capital),Maitama,Tennesse Cresent,900271
Abuja (Capital),Maitama,Tubo Cresent,900271
Abuja (Capital),Maitama,Uruguay Street,900271
Abuja (Capital),Maitama,Vaal Street,900271
Abuja (Capital),Maitama,Vananern Cresent,900271
Abuja (Capital),Maitama,Vattern Street,900271
Abuja (Capital),Maitama,Volga Street,900271
Abuja (Capital),Maitama,Alvan Ikoku Way,900221
Abuja (Capital),Three Arms Zone,Alvan Ikoku Way,900221
Abuja (Capital),Three Arms Zone,Asokoro Ave.,900221
Abuja (Capital),Three Arms Zone,Inner Northern Express Way,900221
Abuja (Capital),Three Arms Zone,"Maitama Ave., Mississippi Street",900221
Abuja (Capital),Three Arms Zone,Murtala Mohammed Exp (N) Way,900221
Abuja (Capital),Three Arms Zone,Outhern Northern Express Way,900221
Abuja (Capital),Three Arms Zone,Shehu Shagari (S) Way,900221
Abuja (Capital),Three Arms Zone,Thames Street,900221
Abuja (Capital),Three Arms Zone,Tigris Cresent,900221
Abuja (Capital),Three Arms Zone,Yedsebam Street,900221
Abuja (Capital),Three Arms Zone,Zambezi Cresent,900221
Abuja (Capital),Three Arms Zone,Adetokunbo Ademola Cresent,900288
Abuja (Capital),Wuse II,Adetokunbo Ademola Cresent,900288
Abuja (Capital),Wuse II,Agadez Cresent,900288
Abuja (Capital),Wuse II,Ahmadu Bello Way,900288
Abuja (Capital),Wuse II,Alex Sandra Cresent,900288
Abuja (Capital),Wuse II,Aminu Kano Cresent,900288
Abuja (Capital),Wuse II,Baguy Street,900288
Abuja (Capital),Wuse II,Bajul Street,900288
Abuja (Capital),Wuse II,Bantyle Street,900288
Abuja (Capital),Wuse II,Barosalem Street,900288
Abuja (Capital),Wuse II,Beira Street,900288
Abuja (Capital),Wuse II,Buchanan Cresent,900288
Abuja (Capital),Wuse II,Bujmburra Street,900288
Abuja (Capital),Wuse II,Cassabulanka Street,900288
Abuja (Capital),Wuse II,Durban Street,900288
Abuja (Capital),Wuse II,Fez Street,900288
Abuja (Capital),Wuse II,Freetown Street,900288
Abuja (Capital),Wuse II,Herbert Macualay Way,900288
Abuja (Capital),Wuse II,Hombari Street,900288
Abuja (Capital),Wuse II,Ibrahim Babangida Way,900288
Abuja (Capital),Wuse II,Kampala Street,900288
Abuja (Capital),Wuse II,Kumasi Street,900288
Abuja (Capital),Wuse II,Libravile Cresent,900288
Abuja (Capital),Wuse II,Lingu Cresent,900288
Abuja (Capital),Wuse II,Lubito Cresent,900288
Abuja (Capital),Wuse II,Madona Cresent,900288
Abuja (Capital),Wuse II,Marakeshi Street,900288
Abuja (Capital),Wuse II,Metel Street,900288
Abuja (Capital),Wuse II,Moronvia Street,900288
Abuja (Capital),Wuse II,Moshi Cresent,900288
Abuja (Capital),Wuse II,Nairobi Cresent,900288
Abuja (Capital),Wuse II,Northern Park Way,900288
Abuja (Capital),Wuse II,Ojibuti Cresent,900288
Abuja (Capital),Wuse II,Outher Northern Transit Way,900288
Abuja (Capital),Wuse II,Partomuro Cresent,900288
Abuja (Capital),Wuse II,Sani Abacha Way,900288
Abuja (Capital),Wuse II,Sekondi Street,900288
Abuja (Capital),Wuse II,Sir Kasim Ibrahim Way,900288
Abuja (Capital),Wuse II,Sultan Abubakar Street,900288
Abuja (Capital),Wuse II,Tarkwa Cresent,900288
Abuja (Capital),Wuse II,Wanda Cresent,900288
Abuja (Capital),Wuse II,Arugha Cresent,900281
Abuja (Capital),Wuse Zone 1,Arugha Cresent,900281
Abuja (Capital),Wuse Zone 1,Bulao Street,900281
Abuja (Capital),Wuse Zone 1,Choma Street,900281
Abuja (Capital),Wuse Zone 1,Delta Street,900281
Abuja (Capital),Wuse Zone 1,Garowa Street,900281
Abuja (Capital),Wuse Zone 1,Gondet Street,900281
Abuja (Capital),Wuse Zone 1,Harper Cresent,900281
Abuja (Capital),Wuse Zone 1,Humanbo Cresent,900281
Abuja (Capital),Wuse Zone 1,Kaolack Street,900281
Abuja (Capital),Wuse Zone 1,Kayes Street,900281
Abuja (Capital),Wuse Zone 1,Kigali Street,900281
Abuja (Capital),Wuse Zone 1,Massana Street,900281
Abuja (Capital),Wuse Zone 1,Nouachchott Street,900281
Abuja (Capital),Wuse Zone 1,Oran Street,900281
Abuja (Capital),Wuse Zone 1,Sultan Abubakar Way,900281
Abuja (Capital),Wuse Zone 1,Sunyani Street,900281
Abuja (Capital),Wuse Zone 1,Umme Street,900281
Abuja (Capital),Wuse Zone 1,Yanorach Street,900281
Abuja (Capital),Wuse Zone 1,Angola Street,900282
Abuja (Capital),Wuse Zone 2,Angola Street,900282
Abuja (Capital),Wuse Zone 2,Bechar Street,900282
Abuja (Capital),Wuse Zone 2,Burundi Street,900282
Abuja (Capital),Wuse Zone 2,Faranmi Street,900282
Abuja (Capital),Wuse Zone 2,Gabes Street,900282
Abuja (Capital),Wuse Zone 2,Gaborone Street,900282
Abuja (Capital),Wuse Zone 2,Kisiamu Street,900282
Abuja (Capital),Wuse Zone 2,Khartoum Street,900282
Abuja (Capital),Wuse Zone 2,Koforidua Street,900282
Abuja (Capital),Wuse Zone 2,Korhogo Street,900282
Abuja (Capital),Wuse Zone 2,Kribi Street,900282
Abuja (Capital),Wuse Zone 2,Kumba Street,900282
Abuja (Capital),Wuse Zone 2,Lavumisa Street,900282
Abuja (Capital),Wuse Zone 2,Mambolo Street,900282
Abuja (Capital),Wuse Zone 2,Michael Okpara Street,900282
Abuja (Capital),Wuse Zone 2,Naimey Street,900282
Abuja (Capital),Wuse Zone 2,Quagadougou Street,900282
Abuja (Capital),Wuse Zone 2,Senanga Street,900282
Abuja (Capital),Wuse Zone 2,Sultan Abubakar Street,900282
Abuja (Capital),Wuse Zone 2,Tourggourt Street,900282
Abuja (Capital),Wuse Zone 2,Abidjam Street,900283
Abuja (Capital),Wuse Zone 3,Abidjam Street,900283
Abuja (Capital),Wuse Zone 3,Al Fayyan Street,900283
Abuja (Capital),Wuse Zone 3,Algeria Street,900283
Abuja (Capital),Wuse Zone 3,Aswan Street,900283
Abuja (Capital),Wuse Zone 3,Bamenda Street,900283
Abuja (Capital),Wuse Zone 3,Casamank Cresent,900283
Abuja (Capital),Wuse Zone 3,Conakry Street,900283
Abuja (Capital),Wuse Zone 3,Diourbell Street,900283
Abuja (Capital),Wuse Zone 3,Herbert Marcaulay Way,900283
Abuja (Capital),Wuse Zone 3,Lubumbrasiru Street,900283
Abuja (Capital),Wuse Zone 3,Lukulu Street,900283
Abuja (Capital),Wuse Zone 3,Maputo Street,900283
Abuja (Capital),Wuse Zone 3,Matadi Cresent,900283
Abuja (Capital),Wuse Zone 3,Mosadishu Street,900283
Abuja (Capital),Wuse Zone 3,Nampola Street,900283
Abuja (Capital),Wuse Zone 3,Ndande Cresent,900283
Abuja (Capital),Wuse Zone 3,Olusegun Obasanjo Way,900283
Abuja (Capital),Wuse Zone 3,Safar Street,900283
Abuja (Capital),Wuse Zone 3,Sultan Abukakar Way,900283
Abuja (Capital),Wuse Zone 3,Yele Street,900283
Abuja (Capital),Wuse Zone 3,Addis Ababa Street,900284
Abuja (Capital),Wuse Zone 4,Addis Ababa Street,900284
Abuja (Capital),Wuse Zone 4,Bencrat Street,900284
Abuja (Capital),Wuse Zone 4,Constantins Street,900284
Abuja (Capital),Wuse Zone 4,Farnah Street,900284
Abuja (Capital),Wuse Zone 4,Herbert Macaulay (N) Way,900284
Abuja (Capital),Wuse Zone 4,Hontserrado Street,900284
Abuja (Capital),Wuse Zone 4,Ibrahim Babangida Way,900284
Abuja (Capital),Wuse Zone 4,Kainiji Cresent,900284
Abuja (Capital),Wuse Zone 4,Kasim Ibrahim Way,900284
Abuja (Capital),Wuse Zone 4,Ladi Kwali Street,900284
Abuja (Capital),Wuse Zone 4,Manzani Street,900284
Abuja (Capital),Wuse Zone 4,Mexnes Street,900284
Abuja (Capital),Wuse Zone 4,Mogadehu Street,900284
Abuja (Capital),Wuse Zone 4,Portsad Street,900284
Abuja (Capital),Wuse Zone 4,Safi Street,900284
Abuja (Capital),Wuse Zone 4,Zuez Cresent,900284
Abuja (Capital),Wuse Zone 4,Accra Street,900285
Abuja (Capital),Wuse Zone 5,Accra Street,900285
Abuja (Capital),Wuse Zone 5,Algiers Street,900285
Abuja (Capital),Wuse Zone 5,Atarare Street,900285
Abuja (Capital),Wuse Zone 5,Burundi Street,900285
Abuja (Capital),Wuse Zone 5,Cabanda Street,900285
Abuja (Capital),Wuse Zone 5,Dalaba Street,900285
Abuja (Capital),Wuse Zone 5,Damathur Street,900285
Abuja (Capital),Wuse Zone 5,Dambia Street,900285
Abuja (Capital),Wuse Zone 5,Doula Street,900285
Abuja (Capital),Wuse Zone 5,Hargeysa Street,900285
Abuja (Capital),Wuse Zone 5,Herbert Macualay Way,900285
Abuja (Capital),Wuse Zone 5,Khartoum Street,900285
Abuja (Capital),Wuse Zone 5,Michael Okpara Street,900285
Abuja (Capital),Wuse Zone 5,Mousassa Street,900285
Abuja (Capital),Wuse Zone 5,Nnamdi Azikiwe Way,900285
Abuja (Capital),Wuse Zone 5,Senanga Street,900285
Abuja (Capital),Wuse Zone 5,Sokode Cresent,900285
Abuja (Capital),Wuse Zone 5,Sultan Abubakar Way,900285
Abuja (Capital),Wuse Zone 5,Winneba Street,900285
Abuja (Capital),Wuse Zone 5,Abuja Parks Way,900286
Abuja (Capital),Wuse Zone 6,Abuja Parks Way,900286
Abuja (Capital),Wuse Zone 6,Angola Street,900286
Abuja (Capital),Wuse Zone 6,Asamafa Street,900286
Abuja (Capital),Wuse Zone 6,Berbera Street,900286
Abuja (Capital),Wuse Zone 6,Beyla Street,900286
Abuja (Capital),Wuse Zone 6,Bouake Street,900286
Abuja (Capital),Wuse Zone 6,Coronour Street,900286
Abuja (Capital),Wuse Zone 6,Dire-Dawa Street,900286
Abuja (Capital),Wuse Zone 6,Dodama Street,900286
Abuja (Capital),Wuse Zone 6,Harere Street,900286
Abuja (Capital),Wuse Zone 6,Herbert Macualay Way,900286
Abuja (Capital),Wuse Zone 6,Jimma Street,900286
Abuja (Capital),Wuse Zone 6,Kasim Ibrahim Way,900286
Abuja (Capital),Wuse Zone 6,Kelemie Street,900286
Abuja (Capital),Wuse Zone 6,Kinshasha Street,900286
Abuja (Capital),Wuse Zone 6,Magenta Street,900286
Abuja (Capital),Wuse Zone 6,Makeni Street,900286
Abuja (Capital),Wuse Zone 6,Massru Street,900286
Abuja (Capital),Wuse Zone 6,Mbabane Street,900286
Abuja (Capital),Wuse Zone 6,Nnamdi Azikiwa Exwy,900286
Abuja (Capital),Wuse Zone 6,Rabat Street,900286
Abuja (Capital),Wuse Zone 6,Sudan Street,900286
Abuja (Capital),Wuse Zone 6,Tanga Street,900286
Abuja (Capital),Wuse Zone 6,Tema Street,900286
Abuja (Capital),Wuse Zone 6,Timbukku Street,900286
Abuja (Capital),Wuse Zone 6,Yaounde Street,900286
Abuja (Capital),Wuse Zone 6,Yunis Street,900286
Abuja (Capital),Wuse Zone 6,Bamako Cresent,900287
Abuja (Capital),Wuse Zone 7,Bamako Cresent,900287
Abuja (Capital),Wuse Zone 7,Bambari Cresent,900287
Abuja (Capital),Wuse Zone 7,Choma Street,900287
Abuja (Capital),Wuse Zone 7,Huambo Cresent,900287
Abuja (Capital),Wuse Zone 7,Hamper Cresent,900287
Abuja (Capital),Wuse Zone 7,Lome Cresent,900287
Abuja (Capital),Wuse Zone 7,Nigoma Street,900287
Abuja (Capital),Wuse Zone 7,Nouahcholt Street,900287
Abuja (Capital),Wuse Zone 7,Olusegun Obasanjo Way,900287
Abuja (Capital),Wuse Zone 7,Sirasso Cresent,900287
Abuja (Capital),Wuse Zone 7,Sunyani Street,900287
Kwali,Ashara,2 Tudu,904108
Kwali,Ashara,Ahuwye,904108
Kwali,Ashara,Akapo,904108
Kwali,Ashara,Angun Tunga,904108
Kwali,Ashara,Angun Wakili,904108
Kwali,Ashara,Angun Woji Woji,904108
Kwali,Ashara,Ashara,904108
Kwali,Ashara,Bassoni,904108
Kwali,Ashara,Bodolo,904108
Kwali,Ashara,Chekanci,904108
Kwali,Ashara,Daganaruwa Bassa,904108
Kwali,Ashara,Damakusa Gwari,904108
Kwali,Ashara,Daniwayo,904108
Kwali,Ashara,Eke,904108
Kwali,Ashara,Gomani,904108
Kwali,Ashara,Gorgbe,904108
Kwali,Ashara,Gulo,904108
Kwali,Ashara,Gwaji,904108
Kwali,Ashara,Gwan auta,904108
Kwali,Ashara,Huton,904108
Kwali,Ashara,Janruwa,904108
Kwali,Ashara,Kona Mada,904108
Kwali,Ashara,Kpessili,904108
Kwali,Ashara,Kukka,904108
Kwali,Ashara,Kukka Bushe,904108
Kwali,Ashara,Kundu Lele,904108
Kwali,Ashara,Kunguni,904108
Kwali,Ashara,Maikwari,904108
Kwali,Ashara,Mumun,904108
Kwali,Ashara,Nboni,904108
Kwali,Ashara,Nzakpara,904108
Kwali,Ashara,Padama,904108
Kwali,Ashara,Puka,904108
Kwali,Ashara,Pukafa,904108
Kwali,Ashara,Rarra,904108
Kwali,Ashara,Riwaza,904108
Kwali,Ashara,Sabo Gari Gurara,904108
Kwali,Ashara,Sadaba,904108
Kwali,Ashara,Sharra,904108
Kwali,Ashara,T. Sarki,904108
Kwali,Ashara,Takuro Mallan,904108
Kwali,Ashara,Tekpesse,904108
Kwali,Ashara,Tudu Wada Mangu,904108.
Kwali,Ashara,Azaya,904102
Kwali,Dafa,Azaya,904102
Kwali,Dafa,Dafa,904102
Kwali,Dafa,Dafa SaboDaji,904102
Kwali,Dafa,Galo,904102
Kwali,Dafa,Gugwa,904102
Kwali,Dafa,Kangon Adamu,904102
Kwali,Dafa,Kpewuye,904102
Kwali,Dafa,Kye,904102
Kwali,Dafa,Puka,904102
Kwali,Dafa,Tungan Galadima,904102
Kwali,Dafa,Tungan Gani,904102
Kwali,Dafa,Tungan Guli,904102
Kwali,Dafa,Tungan Tofa,904102.
Kwali,Dafa,Anini,904107
Kwali,Gumbo,Anini,904107
Kwali,Gumbo,Elle,904107
Kwali,Gumbo,Gidan Duniya,904107
Kwali,Gumbo,Gidan Makaniki,904107
Kwali,Gumbo,Gumbo,904107
Kwali,Gumbo,Kamadi,904107
Kwali,Gumbo,Kwaita Hausa,904107
Kwali,Gumbo,Lukoda,904107
Kwali,Gumbo,Piri,904107
Kwali,Gumbo,Shepikati,904107
Kwali,Gumbo,Tusun Fulani,904107
Kwali,Gumbo,Tutubwa,904107.
Kwali,Gumbo,Chukuku,904104
Kwali,Kilankwa,Chukuku,904104
Kwali,Kilankwa,Kilankwa I,904104
Kwali,Kilankwa,Kilankwa II,904104
Kwali,Kilankwa,Petti,904104
Kwali,Kilankwa,Sheda Galadima,904104
Kwali,Kilankwa,Sheda Sarki,904104.
Kwali,Kilankwa,Bonugo,904105
Kwali,Kwali,Bonugo,904105
Kwali,Kwali,Dafara,904105
Kwali,Kwali,Ebo,904105
Kwali,Kwali,Farakuti,904105
Kwali,Kwali,Farakuti I,904105
Kwali,Kwali,Farakuti II,904105
Kwali,Kwali,Fulani,904105
Kwali,Kwali,Kigbe,904105
Kwali,Kwali,Koda,904105
Kwali,Kwali,Kwaida Tsoho,904105
Kwali,Kwali,Kwaita Sabo,904105
Kwali,Kwali,Kwali,904105
Kwali,Kwali,Lambata,904105
Kwali,Kwali,Leda,904105
Kwali,Kwali,Police Barracks,904105
Kwali,Kwali,Rugan Mal. Idris,904105
Kwali,Kwali,Rugan Rabo,904105
Kwali,Kwali,Sarki,904105
Kwali,Kwali,Yambabu,904105.
Kwali,Kwali,Bako,904101
Kwali,Pai,Bako,904101
Kwali,Pai,Bobota,904101
Kwali,Pai,Ceceyi,904101
Kwali,Pai,Dabi,904101
Kwali,Pai,Kuti Chichi,904101
Kwali,Pai,Leleyi,904101
Kwali,Pai,Leleyi Bassa,904101
Kwali,Pai,Pai Fulani,904101
Kwali,Pai,Pai Gwari,904101
Kwali,Pai,Tatu,904101
Kwali,Pai,Tukurwa,904101.
Kwali,Pai,Adadu 1,904103
Kwali,Yangoji,Adadu 1,904103
Kwali,Yangoji,Adadu 11,904103
Kwali,Yangoji,Bwoto,904103
Kwali,Yangoji,Daka,904103
Kwali,Yangoji,Ijah Dabuta,904103
Kwali,Yangoji,Ijah Sarki,904103
Kwali,Yangoji,Koroki,904103
Kwali,Yangoji,Kuyi,904103
Kwali,Yangoji,Nitse,904103
Kwali,Yangoji,Sukuku,904103
Kwali,Yangoji,Tampe,904103
Kwali,Yangoji,Yangoji,904103.
Kwali,Yangoji,Ebo,904106
Kwali,Yebu,Ebo,904106
Kwali,Yebu,Kigbe,904106
Kwali,Yebu,Yebu,904106.
Kwali,Yebu,(Ubosharu),904109
Kwali,Wako,(Ubosharu),904109
Kwali,Wako,Anguwar Baushe,904109
Kwali,Wako,Awawa,904109
Kwali,Wako,Azarachi,904109
Kwali,Wako,Bukpe,904109
Kwali,Wako,Chida,904109
Kwali,Wako,Dangara,904109
Kwali,Wako,Dapa,904109
Kwali,Wako,Gadabiyu,904109
Kwali,Wako,Kibuyi,904109
Kwali,Wako,Sa'adu,904109
Kwali,Wako,Sabon Gari,904109
Kwali,Wako,Ubo Saidu,904109
Kwali,Wako,Wako,904109
Kwali,Wako,Yewuti,904109.
Abaji,Abaji,Agyana,905101
Abaji,Abaji,Bago,905101
Abaji,Abaji,Bandagi,905101
Abaji,Abaji,Dapala,905101
Abaji,Abaji,Ebagi,905101
Abaji,Abaji,Gbogbogo,905101
Abaji,Abaji,Kebba,905101
Abaji,Abaji,Manderegi,905101
Abaji,Abaji,Nah. Tosho,905101
Abaji,Abaji,Nahalati Sabo,905101
Abaji,Abaji,Nuku,905101
Abaji,Abaji,Panagana,905101
Abaji,Abaji,Rimba,905101
Abaji,Abaji,Uboshenu,905101
Abaji,Abaji,Yawule,905101
Abaji,Abaji,Abuja,905102
Abaji,Yaba,Abuja,905102
Abaji,Yaba,Adagba,905102
Abaji,Yaba,Afo,905102
Abaji,Yaba,Akori,905102
Abaji,Yaba,Alampa,905102
Abaji,Yaba,Allu,905102
Abaji,Yaba,Ayaba,905102
Abaji,Yaba,Bari-Bezi,905102
Abaji,Yaba,Bazi-Bezi,905102
Abaji,Yaba,Busga,905102
Abaji,Yaba,Chakun,905102
Abaji,Yaba,Chundugo,905102
Abaji,Yaba,Dabbare,905102
Abaji,Yaba,Dara,905102
Abaji,Yaba,Dewu,905102
Abaji,Yaba,Domi,905102
Abaji,Yaba,Dumb,905102
Abaji,Yaba,Ekki,905102
Abaji,Yaba,Fakon Tando,905102
Abaji,Yaba,Gadabiri,905102
Abaji,Yaba,Gari,905102
Abaji,Yaba,Gasakba,905102
Abaji,Yaba,Gasukpa,905102
Abaji,Yaba,Gawu,905102
Abaji,Yaba,Gawun,905102
Abaji,Yaba,Gidan Maisaye,905102
Abaji,Yaba,Gurdi,905102
Abaji,Yaba,Guruza,905102
Abaji,Yaba,Gwanda,905102
Abaji,Yaba,Gwona,905102
Abaji,Yaba,Jamigbe,905102
Abaji,Yaba,Kafako,905102
Abaji,Yaba,Kpace,905102
Abaji,Yaba,Kularida,905102
Abaji,Yaba,Kutara,905102
Abaji,Yaba,Kwago,905102
Abaji,Yaba,Kwakwa,905102
Abaji,Yaba,Kyawu,905102
Abaji,Yaba,Lafia Yaba,905102
Abaji,Yaba,Managi,905102
Abaji,Yaba,Nadichi,905102
Abaji,Yaba,Nagun,905102
Abaji,Yaba,Nassarawa,905102
Abaji,Yaba,Nowog,905102
Abaji,Yaba,Nyembo,905102
Abaji,Yaba,Pako Base,905102
Abaji,Yaba,Panagu,905102
Abaji,Yaba,Pandaji,905102
Abaji,Yaba,Pankuru,905102
Abaji,Yaba,Panpari,905102
Abaji,Yaba,Piowe,905102
Abaji,Yaba,Sabongida,905102
Abaji,Yaba,Sarowo-Abdu,905102
Abaji,Yaba,Selifulyu,905102
Abaji,Yaba,Shadad,905102
Abaji,Yaba,Soitan,905102
Abaji,Yaba,Takpeshi,905102
Abaji,Yaba,Talpa,905102
Abaji,Yaba,Tanaga,905102
Abaji,Yaba,Wapa,905102
Abaji,Yaba,Yelwa,905102
Abaji,Yaba,Yelwa Gawu,905102
Abaji,Yaba,Zuwa,905102
Bwari,Bwari,Bwari,901101
Bwari,Bwari,Bwari,901001
Bwari,Bwari,Kubwa,901002
Gwagwalada,Gwagwalada,Agota,902101
Gwagwalada,Gwagwalada,Akwayi,902101
Gwagwalada,Gwagwalada,Akyakyata,902101
Gwagwalada,Gwagwalada,Alu wamo,902101
Gwagwalada,Gwagwalada,Anguwar Hausawa,902101
Gwagwalada,Gwagwalada,Anguwar Sarki,902101
Gwagwalada,Gwagwalada,Atopi,902101
Gwagwalada,Gwagwalada,Auguwar-Madaki,902101
Gwagwalada,Gwagwalada,Bargada Bassa,902101
Gwagwalada,Gwagwalada,Basan Zuba,902101
Gwagwalada,Gwagwalada,Bassa,902101
Gwagwalada,Gwagwalada,Biyu,902101
Gwagwalada,Gwagwalada,Boka,902101
Gwagwalada,Gwagwalada,Chaboda,902101
Gwagwalada,Gwagwalada,Chitumu,902101
Gwagwalada,Gwagwalada,Chzako,902101
Gwagwalada,Gwagwalada,Dabagayi,902101
Gwagwalada,Gwagwalada,Dada,902101
Gwagwalada,Gwagwalada,Dada Gongo,902101
Gwagwalada,Gwagwalada,Dadabiri,902101
Gwagwalada,Gwagwalada,Damin Kara,902101
Gwagwalada,Gwagwalada,Dawaki,902101
Gwagwalada,Gwagwalada,Didan Tujura,902101
Gwagwalada,Gwagwalada,Diko,902101
Gwagwalada,Gwagwalada,Dikwa Gwari,902101
Gwagwalada,Gwagwalada,Dikwa Kotwa,902101
Gwagwalada,Gwagwalada,Dobi,902101
Gwagwalada,Gwagwalada,Doni,902101
Gwagwalada,Gwagwalada,Doruwa,902101
Gwagwalada,Gwagwalada,Eabodo,902101
Gwagwalada,Gwagwalada,Garin Godoso,902101
Gwagwalada,Gwagwalada,Gbadolo,902101
Gwagwalada,Gwagwalada,Gerin Angulu,902101
Gwagwalada,Gwagwalada,Gidan Ango,902101
Gwagwalada,Gwagwalada,Gidan Bala,902101
Gwagwalada,Gwagwalada,Gidan Dandu,902101
Gwagwalada,Gwagwalada,Gidan Gade,902101
Gwagwalada,Gwagwalada,Gidan Golo,902101
Gwagwalada,Gwagwalada,Gidan Yaro,902101
Gwagwalada,Gwagwalada,Goi,902101
Gwagwalada,Gwagwalada,Goi Sabo,902101
Gwagwalada,Gwagwalada,Gongo,902101
Gwagwalada,Gwagwalada,Gulupe,902101
Gwagwalada,Gwagwalada,Gurebare,902101
Gwagwalada,Gwagwalada,Gurfa Gongo,902101
Gwagwalada,Gwagwalada,Gurfata,902101
Gwagwalada,Gwagwalada,Gurfata Sabo,902101
Gwagwalada,Gwagwalada,Gwako,902101
Gwagwalada,Gwagwalada,Gwale,902101
Gwagwalada,Gwagwalada,Gwari,902101
Gwagwalada,Gwagwalada,Gwaywalada,902101
Gwagwalada,Gwagwalada,Gyabiri,902101
Gwagwalada,Gwagwalada,Hanagada Abdu,902101
Gwagwalada,Gwagwalada,Hanagada Bassa,902101
Gwagwalada,Gwagwalada,Ibbo,902101
Gwagwalada,Gwagwalada,Ibwa,902101
Gwagwalada,Gwagwalada,Ibwa Sarki,902101
Gwagwalada,Gwagwalada,Ikwa,902101
Gwagwalada,Gwagwalada,Isom Bassa,902101
Gwagwalada,Gwagwalada,Isom Fulani,902101
Gwagwalada,Gwagwalada,Jalita Gongo,902101
Gwagwalada,Gwagwalada,Jigodo I,902101
Gwagwalada,Gwagwalada,Jiwape,902101
Gwagwalada,Gwagwalada,Kaburufi,902101
Gwagwalada,Gwagwalada,Kace Bassa,902101
Gwagwalada,Gwagwalada,Kace Sabo,902101
Gwagwalada,Gwagwalada,Kace Sarki,902101
Gwagwalada,Gwagwalada,Kaida Bassa,902101
Gwagwalada,Gwagwalada,Kaida Gwari,902101
Gwagwalada,Gwagwalada,Kaida Sabo,902101
Gwagwalada,Gwagwalada,Kalangu,902101
Gwagwalada,Gwagwalada,Kasanki,902101
Gwagwalada,Gwagwalada,Kpatawuro,902101
Gwagwalada,Gwagwalada,Kutabwche,902101
Gwagwalada,Gwagwalada,Kutunku,902101
Gwagwalada,Gwagwalada,Kuturpe,902101
Gwagwalada,Gwagwalada,Kwalikuzi,902101
Gwagwalada,Gwagwalada,Lafiya,902101
Gwagwalada,Gwagwalada,Ledi,902101
Gwagwalada,Gwagwalada,Ledi Sabo,902101
Gwagwalada,Gwagwalada,Madaki Abuche,902101
Gwagwalada,Gwagwalada,Maikaraya,902101
Gwagwalada,Gwagwalada,Maje Bassa,902101
Gwagwalada,Gwagwalada,Maje Tsoho,902101
Gwagwalada,Gwagwalada,Makama,902101
Gwagwalada,Gwagwalada,Momo Sabo,902101
Gwagwalada,Gwagwalada,Pabeyi,902101
Gwagwalada,Gwagwalada,Pagada,902101
Gwagwalada,Gwagwalada,Pagena I,902101
Gwagwalada,Gwagwalada,Paiken Korce,902101
Gwagwalada,Gwagwalada,Paiko,902101
Gwagwalada,Gwagwalada,Pajana II,902101
Gwagwalada,Gwagwalada,Pako,902101
Gwagwalada,Gwagwalada,Paso Gwari,902101
Gwagwalada,Gwagwalada,Pass Kutawa,902101
Gwagwalada,Gwagwalada,Patte,902101
Gwagwalada,Gwagwalada,Rafin Zurfi,902101
Gwagwalada,Gwagwalada,Rain Zurfi,902101
Gwagwalada,Gwagwalada,S/Ganuwa,902101
Gwagwalada,Gwagwalada,Sabo,902101
Gwagwalada,Gwagwalada,Saboda,902101
Gwagwalada,Gwagwalada,Sabon Gari,902101
Gwagwalada,Gwagwalada,Shaga I,902101
Gwagwalada,Gwagwalada,Shaga II,902101
Gwagwalada,Gwagwalada,Shajantara,902101
Gwagwalada,Gwagwalada,Shanagu,902101
Gwagwalada,Gwagwalada,Shara Bassa,902101
Gwagwalada,Gwagwalada,Shibo,902101
Gwagwalada,Gwagwalada,Shibo Bassa,902101
Gwagwalada,Gwagwalada,Shida,902101
Gwagwalada,Gwagwalada,Shidhida,902101
Gwagwalada,Gwagwalada,Shinge,902101
Gwagwalada,Gwagwalada,Soko,902101
Gwagwalada,Gwagwalada,Tsagban Siji,902101
Gwagwalada,Gwagwalada,Tsaunia Kura,902101
Gwagwalada,Gwagwalada,Tsudna,902101
Gwagwalada,Gwagwalada,Tundun Wada,902101
Gwagwalada,Gwagwalada,Tung Tsauni,902101
Gwagwalada,Gwagwalada,Tunga Makeri,902101
Gwagwalada,Gwagwalada,Tungan Adamu,902101
Gwagwalada,Gwagwalada,Tungan Auta,902101
Gwagwalada,Gwagwalada,Tungan D. Kolo,902101
Gwagwalada,Gwagwalada,Tungan Giwa,902101
Gwagwalada,Gwagwalada,Tungan Jika,902101
Gwagwalada,Gwagwalada,Tungan Kakaki,902101
Gwagwalada,Gwagwalada,Tungan Ladan,902101
Gwagwalada,Gwagwalada,Tungan M. Hassan,902101
Gwagwalada,Gwagwalada,Tungan Maikasuwa,902101
Gwagwalada,Gwagwalada,Tungan Pada,902101
Gwagwalada,Gwagwalada,Tungan S. Pada,902101
Gwagwalada,Gwagwalada,Tungan Salihu,902101
Gwagwalada,Gwagwalada,Tungan Tsauni,902101
Gwagwalada,Gwagwalada,Ung Gade,902101
Gwagwalada,Gwagwalada,Ung. Bassa,902101
Gwagwalada,Gwagwalada,Ung. Gwari,902101
Gwagwalada,Gwagwalada,Wagu Wase-Gyan,902101
Gwagwalada,Gwagwalada,Wuma,902101
Gwagwalada,Gwagwalada,Wumi,902101
Gwagwalada,Gwagwalada,Wurumbi,902101
Gwagwalada,Gwagwalada,Wuye-Wuye,902101
Gwagwalada,Gwagwalada,Yaluan Ibwa,902101
Gwagwalada,Gwagwalada,Yemipe,902101
Gwagwalada,Gwagwalada,Zuba,902101
Kuje,Kuje,Bako,903101
Kuje,Kuje,Bobota,903101
Kuje,Kuje,Ceceyi,903101
Kuje,Kuje,Dabi,903101
Kuje,Kuje,Kuti Chichi,903101
Kuje,Kuje,Leleyi,903101
Kuje,Kuje,Leleyi Bassa,903101
Kuje,Kuje,Pai Fulani,903101
Kuje,Kuje,Pai Gwari,903101
Kuje,Kuje,Tatu,903101
Kuje,Kuje,Tukurwa,903101
Kuje,Kuje,Adegbe,903102
Kuje,Rubbochi,Adegbe,903102
Kuje,Rubbochi,Affa,903102
Kuje,Rubbochi,Ahinza,903102
Kuje,Rubbochi,Attako,903102
Kuje,Rubbochi,Bida,903102
Kuje,Rubbochi,Buga,903102
Kuje,Rubbochi,Darika,903102
Kuje,Rubbochi,Dnago,903102
Kuje,Rubbochi,Gabiya,903102
Kuje,Rubbochi,Gidan Bawa,903102
Kuje,Rubbochi,Gombe,903102
Kuje,Rubbochi,Gova,903102
Kuje,Rubbochi,Gudun Karya,903102
Kuje,Rubbochi,Gwagwada,903102
Kuje,Rubbochi,Gyana,903102
Kuje,Rubbochi,Huni-Gade,903102
Kuje,Rubbochi,Huni-Gwari,903102
Kuje,Rubbochi,Kujekwa,903102
Kuje,Rubbochi,Kule,903102
Kuje,Rubbochi,Kutunbwa,903102
Kuje,Rubbochi,Mabamade,903102
Kuje,Rubbochi,Munu,903102
Kuje,Rubbochi,Odun Bisa,903102
Kuje,Rubbochi,Odun Kasa,903102
Kuje,Rubbochi,Perri,903102
Kuje,Rubbochi,Rubatu,903102
Kuje,Rubbochi,Rubbochi,903102
Kuje,Rubbochi,Rugese,903102
Kuje,Rubbochi,Sabe,903102
Kuje,Rubbochi,Sungba,903102
Kuje,Rubbochi,Tika,903102
Kuje,Rubbochi,Tuturutu,903102
Kuje,Rubbochi,Ukya,903102
Kuje,Rubbochi,Ungwar-Madaki,903102
Kuje,Rubbochi,Ure,903102
Kuje,Rubbochi,Yaba,903102
Kuje,Rubbochi,Yewusa,903102
Kuje,Rubbochi,Zagabutu,903102
Kuje,Rubbochi,Zoge,903102
Kuje,Rubbochi,Zokutu,903102
